"document","document_author","neighbor","neighbor_author","distance"
"Federalist_Paper_01.txt","HAMILTON","Federalist_Paper_22.txt","HAMILTON",83.4133526689224
"Federalist_Paper_01.txt","HAMILTON","Federalist_Paper_84.txt","HAMILTON",84.5841992049409
"Federalist_Paper_01.txt","HAMILTON","Federalist_Paper_35.txt","HAMILTON",85.4421343202883
"Federalist_Paper_01.txt","HAMILTON","Federalist_Paper_14.txt","MADISON",86.4797975871367
"Federalist_Paper_01.txt","HAMILTON","Federalist_Paper_85.txt","HAMILTON",87.6457565097429
"Federalist_Paper_02.txt","JAY","Federalist_Paper_09.txt","HAMILTON",93.7017736916585
"Federalist_Paper_02.txt","JAY","Federalist_Paper_37.txt","MADISON",94.8035199207069
"Federalist_Paper_02.txt","JAY","Federalist_Paper_38.txt","MADISON",98.816022579743
"Federalist_Paper_02.txt","JAY","Federalist_Paper_14.txt","MADISON",100.882113227537
"Federalist_Paper_02.txt","JAY","Federalist_Paper_63.txt","HAMILTON/MADISON",101.157718248446
"Federalist_Paper_03.txt","JAY","Federalist_Paper_04.txt","JAY",102.718844754111
"Federalist_Paper_03.txt","JAY","Federalist_Paper_64.txt","JAY",107.001908100361
"Federalist_Paper_03.txt","JAY","Federalist_Paper_38.txt","MADISON",109.520644038863
"Federalist_Paper_03.txt","JAY","Federalist_Paper_35.txt","HAMILTON",109.869751295797
"Federalist_Paper_03.txt","JAY","Federalist_Paper_08.txt","HAMILTON",110.190795503694
"Federalist_Paper_04.txt","JAY","Federalist_Paper_05.txt","JAY",101.630578899582
"Federalist_Paper_04.txt","JAY","Federalist_Paper_03.txt","JAY",102.718844754111
"Federalist_Paper_04.txt","JAY","Federalist_Paper_11.txt","HAMILTON",116.741630982304
"Federalist_Paper_04.txt","JAY","Federalist_Paper_10.txt","MADISON",118.749258098378
"Federalist_Paper_04.txt","JAY","Federalist_Paper_35.txt","HAMILTON",119.58350561388
"Federalist_Paper_05.txt","JAY","Federalist_Paper_04.txt","JAY",101.630578899582
"Federalist_Paper_05.txt","JAY","Federalist_Paper_11.txt","HAMILTON",112.873759151018
"Federalist_Paper_05.txt","JAY","Federalist_Paper_02.txt","JAY",115.869482899938
"Federalist_Paper_05.txt","JAY","Federalist_Paper_10.txt","MADISON",116.49469434717
"Federalist_Paper_05.txt","JAY","Federalist_Paper_35.txt","HAMILTON",116.875903908351
"Federalist_Paper_06.txt","HAMILTON","Federalist_Paper_09.txt","HAMILTON",76.5446708291784
"Federalist_Paper_06.txt","HAMILTON","Federalist_Paper_12.txt","HAMILTON",81.7110782827025
"Federalist_Paper_06.txt","HAMILTON","Federalist_Paper_08.txt","HAMILTON",86.1874997786292
"Federalist_Paper_06.txt","HAMILTON","Federalist_Paper_35.txt","HAMILTON",86.6104331258348
"Federalist_Paper_06.txt","HAMILTON","Federalist_Paper_11.txt","HAMILTON",86.9142681276767
"Federalist_Paper_07.txt","HAMILTON","Federalist_Paper_11.txt","HAMILTON",77.0477876049969
"Federalist_Paper_07.txt","HAMILTON","Federalist_Paper_12.txt","HAMILTON",80.9560156775714
"Federalist_Paper_07.txt","HAMILTON","Federalist_Paper_08.txt","HAMILTON",83.5979041876719
"Federalist_Paper_07.txt","HAMILTON","Federalist_Paper_25.txt","HAMILTON",83.6983819013428
"Federalist_Paper_07.txt","HAMILTON","Federalist_Paper_22.txt","HAMILTON",83.9356932422749
"Federalist_Paper_08.txt","HAMILTON","Federalist_Paper_09.txt","HAMILTON",65.038453477196
"Federalist_Paper_08.txt","HAMILTON","Federalist_Paper_12.txt","HAMILTON",66.779823452014
"Federalist_Paper_08.txt","HAMILTON","Federalist_Paper_25.txt","HAMILTON",71.9592614054042
"Federalist_Paper_08.txt","HAMILTON","Federalist_Paper_22.txt","HAMILTON",72.6186238611072
"Federalist_Paper_08.txt","HAMILTON","Federalist_Paper_83.txt","HAMILTON",72.8094302967984
"Federalist_Paper_09.txt","HAMILTON","Federalist_Paper_08.txt","HAMILTON",65.038453477196
"Federalist_Paper_09.txt","HAMILTON","Federalist_Paper_70.txt","HAMILTON",72.2337391967961
"Federalist_Paper_09.txt","HAMILTON","Federalist_Paper_12.txt","HAMILTON",75.0874999691452
"Federalist_Paper_09.txt","HAMILTON","Federalist_Paper_06.txt","HAMILTON",76.5446708291784
"Federalist_Paper_09.txt","HAMILTON","Federalist_Paper_83.txt","HAMILTON",78.4445070487493
"Federalist_Paper_10.txt","MADISON","Federalist_Paper_57.txt","HAMILTON/MADISON",76.5857419286202
"Federalist_Paper_10.txt","MADISON","Federalist_Paper_62.txt","HAMILTON/MADISON",78.3403566934682
"Federalist_Paper_10.txt","MADISON","Federalist_Paper_37.txt","MADISON",79.648235765064
"Federalist_Paper_10.txt","MADISON","Federalist_Paper_70.txt","HAMILTON",82.0371663471426
"Federalist_Paper_10.txt","MADISON","Federalist_Paper_08.txt","HAMILTON",84.0125100170719
"Federalist_Paper_11.txt","HAMILTON","Federalist_Paper_12.txt","HAMILTON",71.738267857525
"Federalist_Paper_11.txt","HAMILTON","Federalist_Paper_22.txt","HAMILTON",74.7834694049732
"Federalist_Paper_11.txt","HAMILTON","Federalist_Paper_07.txt","HAMILTON",77.0477876049969
"Federalist_Paper_11.txt","HAMILTON","Federalist_Paper_08.txt","HAMILTON",78.5626247657131
"Federalist_Paper_11.txt","HAMILTON","Federalist_Paper_15.txt","HAMILTON",82.5962027249828
"Federalist_Paper_12.txt","HAMILTON","Federalist_Paper_08.txt","HAMILTON",66.779823452014
"Federalist_Paper_12.txt","HAMILTON","Federalist_Paper_37.txt","MADISON",69.6575021624444
"Federalist_Paper_12.txt","HAMILTON","Federalist_Paper_22.txt","HAMILTON",70.6200616901879
"Federalist_Paper_12.txt","HAMILTON","Federalist_Paper_11.txt","HAMILTON",71.738267857525
"Federalist_Paper_12.txt","HAMILTON","Federalist_Paper_83.txt","HAMILTON",73.3009388612779
"Federalist_Paper_13.txt","HAMILTON","Federalist_Paper_12.txt","HAMILTON",109.04754173801
"Federalist_Paper_13.txt","HAMILTON","Federalist_Paper_35.txt","HAMILTON",111.489927529269
"Federalist_Paper_13.txt","HAMILTON","Federalist_Paper_62.txt","HAMILTON/MADISON",112.845381300594
"Federalist_Paper_13.txt","HAMILTON","Federalist_Paper_22.txt","HAMILTON",114.95116606977
"Federalist_Paper_13.txt","HAMILTON","Federalist_Paper_75.txt","HAMILTON",115.505605238881
"Federalist_Paper_14.txt","MADISON","Federalist_Paper_57.txt","HAMILTON/MADISON",73.5396397598976
"Federalist_Paper_14.txt","MADISON","Federalist_Paper_41.txt","MADISON",75.8204508062203
"Federalist_Paper_14.txt","MADISON","Federalist_Paper_37.txt","MADISON",77.5133321106005
"Federalist_Paper_14.txt","MADISON","Federalist_Paper_09.txt","HAMILTON",79.3169523387971
"Federalist_Paper_14.txt","MADISON","Federalist_Paper_58.txt","MADISON",81.2347348377411
"Federalist_Paper_15.txt","HAMILTON","Federalist_Paper_22.txt","HAMILTON",68.6102632260944
"Federalist_Paper_15.txt","HAMILTON","Federalist_Paper_11.txt","HAMILTON",82.5962027249828
"Federalist_Paper_15.txt","HAMILTON","Federalist_Paper_83.txt","HAMILTON",83.4688947134207
"Federalist_Paper_15.txt","HAMILTON","Federalist_Paper_21.txt","HAMILTON",84.2634597216995
"Federalist_Paper_15.txt","HAMILTON","Federalist_Paper_25.txt","HAMILTON",85.155382362407
"Federalist_Paper_16.txt","HAMILTON","Federalist_Paper_25.txt","HAMILTON",79.9821003495555
"Federalist_Paper_16.txt","HAMILTON","Federalist_Paper_08.txt","HAMILTON",81.6980101721632
"Federalist_Paper_16.txt","HAMILTON","Federalist_Paper_60.txt","HAMILTON",81.7541499050018
"Federalist_Paper_16.txt","HAMILTON","Federalist_Paper_21.txt","HAMILTON",82.4162129991833
"Federalist_Paper_16.txt","HAMILTON","Federalist_Paper_09.txt","HAMILTON",83.071451115469
"Federalist_Paper_17.txt","HAMILTON","Federalist_Paper_35.txt","HAMILTON",81.3755263407835
"Federalist_Paper_17.txt","HAMILTON","Federalist_Paper_08.txt","HAMILTON",84.4489323387873
"Federalist_Paper_17.txt","HAMILTON","Federalist_Paper_60.txt","HAMILTON",84.8016867911893
"Federalist_Paper_17.txt","HAMILTON","Federalist_Paper_22.txt","HAMILTON",85.567352189176
"Federalist_Paper_17.txt","HAMILTON","Federalist_Paper_45.txt","MADISON",87.2307299282247
"Federalist_Paper_18.txt","HAMILTON/MADISON","Federalist_Paper_19.txt","HAMILTON/MADISON",84.2133582766941
"Federalist_Paper_18.txt","HAMILTON/MADISON","Federalist_Paper_20.txt","HAMILTON/MADISON",99.6014140885652
"Federalist_Paper_18.txt","HAMILTON/MADISON","Federalist_Paper_09.txt","HAMILTON",102.384109601321
"Federalist_Paper_18.txt","HAMILTON/MADISON","Federalist_Paper_17.txt","HAMILTON",104.351260636508
"Federalist_Paper_18.txt","HAMILTON/MADISON","Federalist_Paper_42.txt","MADISON",105.285870526875
"Federalist_Paper_19.txt","HAMILTON/MADISON","Federalist_Paper_18.txt","HAMILTON/MADISON",84.2133582766941
"Federalist_Paper_19.txt","HAMILTON/MADISON","Federalist_Paper_38.txt","MADISON",90.452387681394
"Federalist_Paper_19.txt","HAMILTON/MADISON","Federalist_Paper_20.txt","HAMILTON/MADISON",92.6689446225116
"Federalist_Paper_19.txt","HAMILTON/MADISON","Federalist_Paper_08.txt","HAMILTON",94.0415863094117
"Federalist_Paper_19.txt","HAMILTON/MADISON","Federalist_Paper_41.txt","MADISON",94.8084418691054
"Federalist_Paper_20.txt","HAMILTON/MADISON","Federalist_Paper_19.txt","HAMILTON/MADISON",92.6689446225116
"Federalist_Paper_20.txt","HAMILTON/MADISON","Federalist_Paper_37.txt","MADISON",97.1781119634812
"Federalist_Paper_20.txt","HAMILTON/MADISON","Federalist_Paper_12.txt","HAMILTON",97.3014488288498
"Federalist_Paper_20.txt","HAMILTON/MADISON","Federalist_Paper_41.txt","MADISON",97.7416226340925
"Federalist_Paper_20.txt","HAMILTON/MADISON","Federalist_Paper_09.txt","HAMILTON",99.1767013264604
"Federalist_Paper_21.txt","HAMILTON","Federalist_Paper_22.txt","HAMILTON",73.4565708451695
"Federalist_Paper_21.txt","HAMILTON","Federalist_Paper_12.txt","HAMILTON",77.689427330494
"Federalist_Paper_21.txt","HAMILTON","Federalist_Paper_34.txt","HAMILTON",79.3829755183686
"Federalist_Paper_21.txt","HAMILTON","Federalist_Paper_36.txt","HAMILTON",80.595809628274
"Federalist_Paper_21.txt","HAMILTON","Federalist_Paper_16.txt","HAMILTON",82.4162129991833
"Federalist_Paper_22.txt","HAMILTON","Federalist_Paper_81.txt","HAMILTON",64.7700526588032
"Federalist_Paper_22.txt","HAMILTON","Federalist_Paper_15.txt","HAMILTON",68.6102632260944
"Federalist_Paper_22.txt","HAMILTON","Federalist_Paper_70.txt","HAMILTON",70.6037678239755
"Federalist_Paper_22.txt","HAMILTON","Federalist_Paper_12.txt","HAMILTON",70.6200616901879
"Federalist_Paper_22.txt","HAMILTON","Federalist_Paper_36.txt","HAMILTON",70.6792905022341
"Federalist_Paper_23.txt","HAMILTON","Federalist_Paper_36.txt","HAMILTON",81.7315660481468
"Federalist_Paper_23.txt","HAMILTON","Federalist_Paper_30.txt","HAMILTON",91.3850787065791
"Federalist_Paper_23.txt","HAMILTON","Federalist_Paper_25.txt","HAMILTON",91.4711770563744
"Federalist_Paper_23.txt","HAMILTON","Federalist_Paper_22.txt","HAMILTON",91.7960468543699
"Federalist_Paper_23.txt","HAMILTON","Federalist_Paper_31.txt","HAMILTON",92.0116959218064
"Federalist_Paper_24.txt","HAMILTON","Federalist_Paper_26.txt","HAMILTON",73.1523517588861
"Federalist_Paper_24.txt","HAMILTON","Federalist_Paper_25.txt","HAMILTON",75.2976101637503
"Federalist_Paper_24.txt","HAMILTON","Federalist_Paper_12.txt","HAMILTON",82.438603658055
"Federalist_Paper_24.txt","HAMILTON","Federalist_Paper_83.txt","HAMILTON",82.4699324590009
"Federalist_Paper_24.txt","HAMILTON","Federalist_Paper_22.txt","HAMILTON",84.3067291628014
"Federalist_Paper_25.txt","HAMILTON","Federalist_Paper_22.txt","HAMILTON",71.2737236684327
"Federalist_Paper_25.txt","HAMILTON","Federalist_Paper_08.txt","HAMILTON",71.9592614054042
"Federalist_Paper_25.txt","HAMILTON","Federalist_Paper_24.txt","HAMILTON",75.2976101637503
"Federalist_Paper_25.txt","HAMILTON","Federalist_Paper_36.txt","HAMILTON",77.3780629918076
"Federalist_Paper_25.txt","HAMILTON","Federalist_Paper_83.txt","HAMILTON",79.0563288103586
"Federalist_Paper_26.txt","HAMILTON","Federalist_Paper_24.txt","HAMILTON",73.1523517588861
"Federalist_Paper_26.txt","HAMILTON","Federalist_Paper_22.txt","HAMILTON",76.8894615130326
"Federalist_Paper_26.txt","HAMILTON","Federalist_Paper_81.txt","HAMILTON",76.9029826210448
"Federalist_Paper_26.txt","HAMILTON","Federalist_Paper_70.txt","HAMILTON",82.3712966956598
"Federalist_Paper_26.txt","HAMILTON","Federalist_Paper_08.txt","HAMILTON",83.4687501603273
"Federalist_Paper_27.txt","HAMILTON","Federalist_Paper_36.txt","HAMILTON",84.4836662478602
"Federalist_Paper_27.txt","HAMILTON","Federalist_Paper_60.txt","HAMILTON",91.844650654836
"Federalist_Paper_27.txt","HAMILTON","Federalist_Paper_57.txt","HAMILTON/MADISON",95.8333078077266
"Federalist_Paper_27.txt","HAMILTON","Federalist_Paper_30.txt","HAMILTON",96.6347554920471
"Federalist_Paper_27.txt","HAMILTON","Federalist_Paper_78.txt","HAMILTON",97.22607728831
"Federalist_Paper_28.txt","HAMILTON","Federalist_Paper_17.txt","HAMILTON",89.2024286783871
"Federalist_Paper_28.txt","HAMILTON","Federalist_Paper_41.txt","MADISON",89.5172270338096
"Federalist_Paper_28.txt","HAMILTON","Federalist_Paper_36.txt","HAMILTON",90.5981814406769
"Federalist_Paper_28.txt","HAMILTON","Federalist_Paper_34.txt","HAMILTON",92.0685381881615
"Federalist_Paper_28.txt","HAMILTON","Federalist_Paper_08.txt","HAMILTON",93.8423279300443
"Federalist_Paper_29.txt","HAMILTON","Federalist_Paper_22.txt","HAMILTON",75.9764608528578
"Federalist_Paper_29.txt","HAMILTON","Federalist_Paper_70.txt","HAMILTON",81.2565621957397
"Federalist_Paper_29.txt","HAMILTON","Federalist_Paper_25.txt","HAMILTON",82.8080622631723
"Federalist_Paper_29.txt","HAMILTON","Federalist_Paper_81.txt","HAMILTON",83.3011248870285
"Federalist_Paper_29.txt","HAMILTON","Federalist_Paper_36.txt","HAMILTON",83.7881796905148
"Federalist_Paper_30.txt","HAMILTON","Federalist_Paper_22.txt","HAMILTON",80.6966990180774
"Federalist_Paper_30.txt","HAMILTON","Federalist_Paper_36.txt","HAMILTON",81.7287554944258
"Federalist_Paper_30.txt","HAMILTON","Federalist_Paper_60.txt","HAMILTON",83.664758050733
"Federalist_Paper_30.txt","HAMILTON","Federalist_Paper_81.txt","HAMILTON",85.7983768917846
"Federalist_Paper_30.txt","HAMILTON","Federalist_Paper_65.txt","HAMILTON",86.5815228565744
"Federalist_Paper_31.txt","HAMILTON","Federalist_Paper_36.txt","HAMILTON",79.5924888450173
"Federalist_Paper_31.txt","HAMILTON","Federalist_Paper_22.txt","HAMILTON",82.7611338859505
"Federalist_Paper_31.txt","HAMILTON","Federalist_Paper_81.txt","HAMILTON",84.6006888197212
"Federalist_Paper_31.txt","HAMILTON","Federalist_Paper_60.txt","HAMILTON",85.4140404116938
"Federalist_Paper_31.txt","HAMILTON","Federalist_Paper_30.txt","HAMILTON",87.1879117368551
"Federalist_Paper_32.txt","HAMILTON","Federalist_Paper_81.txt","HAMILTON",94.7515452870897
"Federalist_Paper_32.txt","HAMILTON","Federalist_Paper_33.txt","HAMILTON",102.712988318655
"Federalist_Paper_32.txt","HAMILTON","Federalist_Paper_83.txt","HAMILTON",103.112509139371
"Federalist_Paper_32.txt","HAMILTON","Federalist_Paper_82.txt","HAMILTON",104.530003486105
"Federalist_Paper_32.txt","HAMILTON","Federalist_Paper_74.txt","HAMILTON",106.238864672634
"Federalist_Paper_33.txt","HAMILTON","Federalist_Paper_41.txt","MADISON",84.5099548626558
"Federalist_Paper_33.txt","HAMILTON","Federalist_Paper_81.txt","HAMILTON",91.272216574132
"Federalist_Paper_33.txt","HAMILTON","Federalist_Paper_83.txt","HAMILTON",92.0185205580587
"Federalist_Paper_33.txt","HAMILTON","Federalist_Paper_22.txt","HAMILTON",92.5156585761907
"Federalist_Paper_33.txt","HAMILTON","Federalist_Paper_31.txt","HAMILTON",95.5500874714057
"Federalist_Paper_34.txt","HAMILTON","Federalist_Paper_12.txt","HAMILTON",77.0017286129839
"Federalist_Paper_34.txt","HAMILTON","Federalist_Paper_22.txt","HAMILTON",77.6730899053681
"Federalist_Paper_34.txt","HAMILTON","Federalist_Paper_83.txt","HAMILTON",78.3084353172469
"Federalist_Paper_34.txt","HAMILTON","Federalist_Paper_21.txt","HAMILTON",79.3829755183686
"Federalist_Paper_34.txt","HAMILTON","Federalist_Paper_35.txt","HAMILTON",81.0293035719941
"Federalist_Paper_35.txt","HAMILTON","Federalist_Paper_22.txt","HAMILTON",71.7104147419219
"Federalist_Paper_35.txt","HAMILTON","Federalist_Paper_78.txt","HAMILTON",71.8683538412842
"Federalist_Paper_35.txt","HAMILTON","Federalist_Paper_70.txt","HAMILTON",72.9671561446205
"Federalist_Paper_35.txt","HAMILTON","Federalist_Paper_83.txt","HAMILTON",73.5680017018742
"Federalist_Paper_35.txt","HAMILTON","Federalist_Paper_81.txt","HAMILTON",75.1480057222443
"Federalist_Paper_36.txt","HAMILTON","Federalist_Paper_22.txt","HAMILTON",70.6792905022341
"Federalist_Paper_36.txt","HAMILTON","Federalist_Paper_81.txt","HAMILTON",73.8475416751919
"Federalist_Paper_36.txt","HAMILTON","Federalist_Paper_78.txt","HAMILTON",75.6997326322458
"Federalist_Paper_36.txt","HAMILTON","Federalist_Paper_25.txt","HAMILTON",77.3780629918076
"Federalist_Paper_36.txt","HAMILTON","Federalist_Paper_31.txt","HAMILTON",79.5924888450173
"Federalist_Paper_37.txt","MADISON","Federalist_Paper_12.txt","HAMILTON",69.6575021624444
"Federalist_Paper_37.txt","MADISON","Federalist_Paper_35.txt","HAMILTON",75.5233629389949
"Federalist_Paper_37.txt","MADISON","Federalist_Paper_08.txt","HAMILTON",75.5334772154158
"Federalist_Paper_37.txt","MADISON","Federalist_Paper_83.txt","HAMILTON",75.6329028189621
"Federalist_Paper_37.txt","MADISON","Federalist_Paper_63.txt","HAMILTON/MADISON",76.1829207844397
"Federalist_Paper_38.txt","MADISON","Federalist_Paper_70.txt","HAMILTON",76.0469610330098
"Federalist_Paper_38.txt","MADISON","Federalist_Paper_35.txt","HAMILTON",76.2534671203796
"Federalist_Paper_38.txt","MADISON","Federalist_Paper_22.txt","HAMILTON",76.8965481923243
"Federalist_Paper_38.txt","MADISON","Federalist_Paper_08.txt","HAMILTON",78.3615714922744
"Federalist_Paper_38.txt","MADISON","Federalist_Paper_83.txt","HAMILTON",79.9703355792588
"Federalist_Paper_39.txt","MADISON","Federalist_Paper_83.txt","HAMILTON",93.9413473750213
"Federalist_Paper_39.txt","MADISON","Federalist_Paper_42.txt","MADISON",95.5386863313504
"Federalist_Paper_39.txt","MADISON","Federalist_Paper_41.txt","MADISON",95.7204747080894
"Federalist_Paper_39.txt","MADISON","Federalist_Paper_62.txt","HAMILTON/MADISON",96.1826421887802
"Federalist_Paper_39.txt","MADISON","Federalist_Paper_57.txt","HAMILTON/MADISON",96.9245794933839
"Federalist_Paper_40.txt","MADISON","Federalist_Paper_38.txt","MADISON",114.592658368829
"Federalist_Paper_40.txt","MADISON","Federalist_Paper_48.txt","MADISON",115.106726856756
"Federalist_Paper_40.txt","MADISON","Federalist_Paper_24.txt","HAMILTON",115.668921105118
"Federalist_Paper_40.txt","MADISON","Federalist_Paper_78.txt","HAMILTON",116.813237234345
"Federalist_Paper_40.txt","MADISON","Federalist_Paper_41.txt","MADISON",117.462030835245
"Federalist_Paper_41.txt","MADISON","Federalist_Paper_42.txt","MADISON",71.6274092362811
"Federalist_Paper_41.txt","MADISON","Federalist_Paper_58.txt","MADISON",74.5684653884097
"Federalist_Paper_41.txt","MADISON","Federalist_Paper_63.txt","HAMILTON/MADISON",75.701985436284
"Federalist_Paper_41.txt","MADISON","Federalist_Paper_14.txt","MADISON",75.8204508062203
"Federalist_Paper_41.txt","MADISON","Federalist_Paper_37.txt","MADISON",76.2318283179401
"Federalist_Paper_42.txt","MADISON","Federalist_Paper_41.txt","MADISON",71.6274092362811
"Federalist_Paper_42.txt","MADISON","Federalist_Paper_81.txt","HAMILTON",75.2605301277984
"Federalist_Paper_42.txt","MADISON","Federalist_Paper_63.txt","HAMILTON/MADISON",81.3688974994483
"Federalist_Paper_42.txt","MADISON","Federalist_Paper_22.txt","HAMILTON",81.6071929294773
"Federalist_Paper_42.txt","MADISON","Federalist_Paper_37.txt","MADISON",81.6915336505024
"Federalist_Paper_43.txt","MADISON","Federalist_Paper_41.txt","MADISON",81.4138399430387
"Federalist_Paper_43.txt","MADISON","Federalist_Paper_63.txt","HAMILTON/MADISON",83.914851766788
"Federalist_Paper_43.txt","MADISON","Federalist_Paper_42.txt","MADISON",85.6731232098713
"Federalist_Paper_43.txt","MADISON","Federalist_Paper_51.txt","HAMILTON/MADISON",86.423781970088
"Federalist_Paper_43.txt","MADISON","Federalist_Paper_83.txt","HAMILTON",87.049096044527
"Federalist_Paper_44.txt","MADISON","Federalist_Paper_58.txt","MADISON",101.917473405261
"Federalist_Paper_44.txt","MADISON","Federalist_Paper_41.txt","MADISON",102.289592202832
"Federalist_Paper_44.txt","MADISON","Federalist_Paper_42.txt","MADISON",106.387097727179
"Federalist_Paper_44.txt","MADISON","Federalist_Paper_45.txt","MADISON",107.965234333812
"Federalist_Paper_44.txt","MADISON","Federalist_Paper_52.txt","HAMILTON/MADISON",108.881467249381
"Federalist_Paper_45.txt","MADISON","Federalist_Paper_46.txt","MADISON",80.294322398569
"Federalist_Paper_45.txt","MADISON","Federalist_Paper_17.txt","HAMILTON",87.2307299282247
"Federalist_Paper_45.txt","MADISON","Federalist_Paper_42.txt","MADISON",89.3208428467991
"Federalist_Paper_45.txt","MADISON","Federalist_Paper_58.txt","MADISON",89.4337019292186
"Federalist_Paper_45.txt","MADISON","Federalist_Paper_14.txt","MADISON",89.8077177598465
"Federalist_Paper_46.txt","MADISON","Federalist_Paper_45.txt","MADISON",80.294322398569
"Federalist_Paper_46.txt","MADISON","Federalist_Paper_57.txt","HAMILTON/MADISON",84.871442051232
"Federalist_Paper_46.txt","MADISON","Federalist_Paper_35.txt","HAMILTON",86.3283324586837
"Federalist_Paper_46.txt","MADISON","Federalist_Paper_63.txt","HAMILTON/MADISON",87.1832362968271
"Federalist_Paper_46.txt","MADISON","Federalist_Paper_49.txt","HAMILTON/MADISON",89.0676539814104
"Federalist_Paper_47.txt","MADISON","Federalist_Paper_48.txt","MADISON",86.5420156218103
"Federalist_Paper_47.txt","MADISON","Federalist_Paper_83.txt","HAMILTON",92.5766120233454
"Federalist_Paper_47.txt","MADISON","Federalist_Paper_41.txt","MADISON",93.2299061626237
"Federalist_Paper_47.txt","MADISON","Federalist_Paper_42.txt","MADISON",96.8084799171816
"Federalist_Paper_47.txt","MADISON","Federalist_Paper_78.txt","HAMILTON",98.6707589223162
"Federalist_Paper_48.txt","MADISON","Federalist_Paper_38.txt","MADISON",81.8187483935373
"Federalist_Paper_48.txt","MADISON","Federalist_Paper_41.txt","MADISON",82.8999050864685
"Federalist_Paper_48.txt","MADISON","Federalist_Paper_63.txt","HAMILTON/MADISON",83.0723666775283
"Federalist_Paper_48.txt","MADISON","Federalist_Paper_37.txt","MADISON",86.0154093635013
"Federalist_Paper_48.txt","MADISON","Federalist_Paper_47.txt","MADISON",86.5420156218103
"Federalist_Paper_49.txt","HAMILTON/MADISON","Federalist_Paper_63.txt","HAMILTON/MADISON",80.5859057026453
"Federalist_Paper_49.txt","HAMILTON/MADISON","Federalist_Paper_41.txt","MADISON",81.10029032604
"Federalist_Paper_49.txt","HAMILTON/MADISON","Federalist_Paper_57.txt","HAMILTON/MADISON",81.7258800899165
"Federalist_Paper_49.txt","HAMILTON/MADISON","Federalist_Paper_08.txt","HAMILTON",83.023525256881
"Federalist_Paper_49.txt","HAMILTON/MADISON","Federalist_Paper_62.txt","HAMILTON/MADISON",83.5270912958034
"Federalist_Paper_50.txt","HAMILTON/MADISON","Federalist_Paper_58.txt","MADISON",102.874199496218
"Federalist_Paper_50.txt","HAMILTON/MADISON","Federalist_Paper_48.txt","MADISON",103.258828930833
"Federalist_Paper_50.txt","HAMILTON/MADISON","Federalist_Paper_54.txt","HAMILTON/MADISON",107.292467180752
"Federalist_Paper_50.txt","HAMILTON/MADISON","Federalist_Paper_63.txt","HAMILTON/MADISON",110.496551797041
"Federalist_Paper_50.txt","HAMILTON/MADISON","Federalist_Paper_25.txt","HAMILTON",111.261134156394
"Federalist_Paper_51.txt","HAMILTON/MADISON","Federalist_Paper_43.txt","MADISON",86.423781970088
"Federalist_Paper_51.txt","HAMILTON/MADISON","Federalist_Paper_62.txt","HAMILTON/MADISON",89.9094932838195
"Federalist_Paper_51.txt","HAMILTON/MADISON","Federalist_Paper_63.txt","HAMILTON/MADISON",90.3829198462258
"Federalist_Paper_51.txt","HAMILTON/MADISON","Federalist_Paper_49.txt","HAMILTON/MADISON",93.2876747498718
"Federalist_Paper_51.txt","HAMILTON/MADISON","Federalist_Paper_37.txt","MADISON",93.8615028805971
"Federalist_Paper_52.txt","HAMILTON/MADISON","Federalist_Paper_63.txt","HAMILTON/MADISON",79.0476763217391
"Federalist_Paper_52.txt","HAMILTON/MADISON","Federalist_Paper_37.txt","MADISON",85.1838974934218
"Federalist_Paper_52.txt","HAMILTON/MADISON","Federalist_Paper_58.txt","MADISON",85.8223507979595
"Federalist_Paper_52.txt","HAMILTON/MADISON","Federalist_Paper_41.txt","MADISON",88.6929260576388
"Federalist_Paper_52.txt","HAMILTON/MADISON","Federalist_Paper_83.txt","HAMILTON",89.0149024276077
"Federalist_Paper_53.txt","HAMILTON/MADISON","Federalist_Paper_62.txt","HAMILTON/MADISON",73.2067683330213
"Federalist_Paper_53.txt","HAMILTON/MADISON","Federalist_Paper_57.txt","HAMILTON/MADISON",73.3598014260341
"Federalist_Paper_53.txt","HAMILTON/MADISON","Federalist_Paper_63.txt","HAMILTON/MADISON",77.4143771130621
"Federalist_Paper_53.txt","HAMILTON/MADISON","Federalist_Paper_35.txt","HAMILTON",79.3674070234865
"Federalist_Paper_53.txt","HAMILTON/MADISON","Federalist_Paper_83.txt","HAMILTON",81.6313150541578
"Federalist_Paper_54.txt","HAMILTON/MADISON","Federalist_Paper_83.txt","HAMILTON",82.6095842066613
"Federalist_Paper_54.txt","HAMILTON/MADISON","Federalist_Paper_81.txt","HAMILTON",86.4542141714659
"Federalist_Paper_54.txt","HAMILTON/MADISON","Federalist_Paper_53.txt","HAMILTON/MADISON",87.3864436131947
"Federalist_Paper_54.txt","HAMILTON/MADISON","Federalist_Paper_38.txt","MADISON",88.6681181757716
"Federalist_Paper_54.txt","HAMILTON/MADISON","Federalist_Paper_42.txt","MADISON",89.4443693234093
"Federalist_Paper_55.txt","HAMILTON/MADISON","Federalist_Paper_57.txt","HAMILTON/MADISON",81.398873265617
"Federalist_Paper_55.txt","HAMILTON/MADISON","Federalist_Paper_58.txt","MADISON",87.145963534674
"Federalist_Paper_55.txt","HAMILTON/MADISON","Federalist_Paper_53.txt","HAMILTON/MADISON",88.357735375935
"Federalist_Paper_55.txt","HAMILTON/MADISON","Federalist_Paper_62.txt","HAMILTON/MADISON",89.3561801335318
"Federalist_Paper_55.txt","HAMILTON/MADISON","Federalist_Paper_70.txt","HAMILTON",89.5724426303625
"Federalist_Paper_56.txt","HAMILTON/MADISON","Federalist_Paper_58.txt","MADISON",88.8129989345726
"Federalist_Paper_56.txt","HAMILTON/MADISON","Federalist_Paper_46.txt","MADISON",92.994968300238
"Federalist_Paper_56.txt","HAMILTON/MADISON","Federalist_Paper_53.txt","HAMILTON/MADISON",95.8513159305305
"Federalist_Paper_56.txt","HAMILTON/MADISON","Federalist_Paper_12.txt","HAMILTON",97.6133228149665
"Federalist_Paper_56.txt","HAMILTON/MADISON","Federalist_Paper_11.txt","HAMILTON",97.8979680928069
"Federalist_Paper_57.txt","HAMILTON/MADISON","Federalist_Paper_62.txt","HAMILTON/MADISON",71.3258982547157
"Federalist_Paper_57.txt","HAMILTON/MADISON","Federalist_Paper_53.txt","HAMILTON/MADISON",73.3598014260341
"Federalist_Paper_57.txt","HAMILTON/MADISON","Federalist_Paper_14.txt","MADISON",73.5396397598976
"Federalist_Paper_57.txt","HAMILTON/MADISON","Federalist_Paper_10.txt","MADISON",76.5857419286202
"Federalist_Paper_57.txt","HAMILTON/MADISON","Federalist_Paper_35.txt","HAMILTON",77.9180368564386
"Federalist_Paper_58.txt","MADISON","Federalist_Paper_41.txt","MADISON",74.5684653884097
"Federalist_Paper_58.txt","MADISON","Federalist_Paper_83.txt","HAMILTON",74.8614848978756
"Federalist_Paper_58.txt","MADISON","Federalist_Paper_63.txt","HAMILTON/MADISON",79.3644076406635
"Federalist_Paper_58.txt","MADISON","Federalist_Paper_14.txt","MADISON",81.2347348377411
"Federalist_Paper_58.txt","MADISON","Federalist_Paper_53.txt","HAMILTON/MADISON",83.2650218028403
"Federalist_Paper_59.txt","HAMILTON","Federalist_Paper_81.txt","HAMILTON",78.4720061516537
"Federalist_Paper_59.txt","HAMILTON","Federalist_Paper_36.txt","HAMILTON",81.9828802288002
"Federalist_Paper_59.txt","HAMILTON","Federalist_Paper_41.txt","MADISON",83.809733609847
"Federalist_Paper_59.txt","HAMILTON","Federalist_Paper_60.txt","HAMILTON",84.1017829439754
"Federalist_Paper_59.txt","HAMILTON","Federalist_Paper_83.txt","HAMILTON",84.8511579457484
"Federalist_Paper_60.txt","HAMILTON","Federalist_Paper_81.txt","HAMILTON",69.7583530937311
"Federalist_Paper_60.txt","HAMILTON","Federalist_Paper_83.txt","HAMILTON",71.4046670896225
"Federalist_Paper_60.txt","HAMILTON","Federalist_Paper_78.txt","HAMILTON",73.9092464700093
"Federalist_Paper_60.txt","HAMILTON","Federalist_Paper_22.txt","HAMILTON",75.249475148957
"Federalist_Paper_60.txt","HAMILTON","Federalist_Paper_35.txt","HAMILTON",75.9565091598165
"Federalist_Paper_61.txt","HAMILTON","Federalist_Paper_25.txt","HAMILTON",82.7609501974048
"Federalist_Paper_61.txt","HAMILTON","Federalist_Paper_81.txt","HAMILTON",86.3891655606236
"Federalist_Paper_61.txt","HAMILTON","Federalist_Paper_60.txt","HAMILTON",87.5662291656909
"Federalist_Paper_61.txt","HAMILTON","Federalist_Paper_83.txt","HAMILTON",88.217630083492
"Federalist_Paper_61.txt","HAMILTON","Federalist_Paper_79.txt","HAMILTON",93.3229596904551
"Federalist_Paper_62.txt","HAMILTON/MADISON","Federalist_Paper_57.txt","HAMILTON/MADISON",71.3258982547157
"Federalist_Paper_62.txt","HAMILTON/MADISON","Federalist_Paper_53.txt","HAMILTON/MADISON",73.2067683330213
"Federalist_Paper_62.txt","HAMILTON/MADISON","Federalist_Paper_10.txt","MADISON",78.3403566934682
"Federalist_Paper_62.txt","HAMILTON/MADISON","Federalist_Paper_35.txt","HAMILTON",79.027201397718
"Federalist_Paper_62.txt","HAMILTON/MADISON","Federalist_Paper_63.txt","HAMILTON/MADISON",79.5365473827448
"Federalist_Paper_63.txt","HAMILTON/MADISON","Federalist_Paper_81.txt","HAMILTON",74.657428974598
"Federalist_Paper_63.txt","HAMILTON/MADISON","Federalist_Paper_41.txt","MADISON",75.701985436284
"Federalist_Paper_63.txt","HAMILTON/MADISON","Federalist_Paper_37.txt","MADISON",76.1829207844397
"Federalist_Paper_63.txt","HAMILTON/MADISON","Federalist_Paper_78.txt","HAMILTON",76.6944131845989
"Federalist_Paper_63.txt","HAMILTON/MADISON","Federalist_Paper_53.txt","HAMILTON/MADISON",77.4143771130621
"Federalist_Paper_64.txt","JAY","Federalist_Paper_37.txt","MADISON",95.8339781381499
"Federalist_Paper_64.txt","JAY","Federalist_Paper_35.txt","HAMILTON",97.9642196568143
"Federalist_Paper_64.txt","JAY","Federalist_Paper_38.txt","MADISON",104.48079233254
"Federalist_Paper_64.txt","JAY","Federalist_Paper_63.txt","HAMILTON/MADISON",105.571505477346
"Federalist_Paper_64.txt","JAY","Federalist_Paper_14.txt","MADISON",106.308819166434
"Federalist_Paper_65.txt","HAMILTON","Federalist_Paper_76.txt","HAMILTON",59.7061404725692
"Federalist_Paper_65.txt","HAMILTON","Federalist_Paper_66.txt","HAMILTON",71.7433127966769
"Federalist_Paper_65.txt","HAMILTON","Federalist_Paper_81.txt","HAMILTON",75.6793268090455
"Federalist_Paper_65.txt","HAMILTON","Federalist_Paper_73.txt","HAMILTON",75.7384409161049
"Federalist_Paper_65.txt","HAMILTON","Federalist_Paper_22.txt","HAMILTON",77.0181155504627
"Federalist_Paper_66.txt","HAMILTON","Federalist_Paper_73.txt","HAMILTON",66.6076532037812
"Federalist_Paper_66.txt","HAMILTON","Federalist_Paper_65.txt","HAMILTON",71.7433127966769
"Federalist_Paper_66.txt","HAMILTON","Federalist_Paper_81.txt","HAMILTON",72.3593206671777
"Federalist_Paper_66.txt","HAMILTON","Federalist_Paper_77.txt","HAMILTON",74.7181161548683
"Federalist_Paper_66.txt","HAMILTON","Federalist_Paper_75.txt","HAMILTON",75.7081409245193
"Federalist_Paper_67.txt","HAMILTON","Federalist_Paper_75.txt","HAMILTON",82.2088765038896
"Federalist_Paper_67.txt","HAMILTON","Federalist_Paper_09.txt","HAMILTON",85.0955780307168
"Federalist_Paper_67.txt","HAMILTON","Federalist_Paper_85.txt","HAMILTON",86.5690374380289
"Federalist_Paper_67.txt","HAMILTON","Federalist_Paper_81.txt","HAMILTON",89.6578974758771
"Federalist_Paper_67.txt","HAMILTON","Federalist_Paper_41.txt","MADISON",90.5036900646763
"Federalist_Paper_68.txt","HAMILTON","Federalist_Paper_65.txt","HAMILTON",79.7237016271493
"Federalist_Paper_68.txt","HAMILTON","Federalist_Paper_70.txt","HAMILTON",82.4706153913537
"Federalist_Paper_68.txt","HAMILTON","Federalist_Paper_22.txt","HAMILTON",83.6457641803692
"Federalist_Paper_68.txt","HAMILTON","Federalist_Paper_76.txt","HAMILTON",83.8305530576312
"Federalist_Paper_68.txt","HAMILTON","Federalist_Paper_38.txt","MADISON",83.9999164434138
"Federalist_Paper_69.txt","HAMILTON","Federalist_Paper_83.txt","HAMILTON",80.6748542927387
"Federalist_Paper_69.txt","HAMILTON","Federalist_Paper_22.txt","HAMILTON",84.5673279893129
"Federalist_Paper_69.txt","HAMILTON","Federalist_Paper_21.txt","HAMILTON",85.1874417663756
"Federalist_Paper_69.txt","HAMILTON","Federalist_Paper_12.txt","HAMILTON",88.9855393174794
"Federalist_Paper_69.txt","HAMILTON","Federalist_Paper_66.txt","HAMILTON",89.1355381843925
"Federalist_Paper_70.txt","HAMILTON","Federalist_Paper_22.txt","HAMILTON",70.6037678239755
"Federalist_Paper_70.txt","HAMILTON","Federalist_Paper_09.txt","HAMILTON",72.2337391967961
"Federalist_Paper_70.txt","HAMILTON","Federalist_Paper_35.txt","HAMILTON",72.9671561446205
"Federalist_Paper_70.txt","HAMILTON","Federalist_Paper_08.txt","HAMILTON",75.9109417368233
"Federalist_Paper_70.txt","HAMILTON","Federalist_Paper_38.txt","MADISON",76.0469610330098
"Federalist_Paper_71.txt","HAMILTON","Federalist_Paper_73.txt","HAMILTON",70.1346455284145
"Federalist_Paper_71.txt","HAMILTON","Federalist_Paper_72.txt","HAMILTON",73.9695154389851
"Federalist_Paper_71.txt","HAMILTON","Federalist_Paper_70.txt","HAMILTON",76.1013301941072
"Federalist_Paper_71.txt","HAMILTON","Federalist_Paper_65.txt","HAMILTON",77.9127407152505
"Federalist_Paper_71.txt","HAMILTON","Federalist_Paper_66.txt","HAMILTON",80.4307805564859
"Federalist_Paper_72.txt","HAMILTON","Federalist_Paper_71.txt","HAMILTON",73.9695154389851
"Federalist_Paper_72.txt","HAMILTON","Federalist_Paper_76.txt","HAMILTON",78.3417630936459
"Federalist_Paper_72.txt","HAMILTON","Federalist_Paper_22.txt","HAMILTON",80.2572248234969
"Federalist_Paper_72.txt","HAMILTON","Federalist_Paper_65.txt","HAMILTON",80.8088235942634
"Federalist_Paper_72.txt","HAMILTON","Federalist_Paper_70.txt","HAMILTON",82.6568721435588
"Federalist_Paper_73.txt","HAMILTON","Federalist_Paper_66.txt","HAMILTON",66.6076532037812
"Federalist_Paper_73.txt","HAMILTON","Federalist_Paper_71.txt","HAMILTON",70.1346455284145
"Federalist_Paper_73.txt","HAMILTON","Federalist_Paper_76.txt","HAMILTON",74.8113819088556
"Federalist_Paper_73.txt","HAMILTON","Federalist_Paper_65.txt","HAMILTON",75.7384409161049
"Federalist_Paper_73.txt","HAMILTON","Federalist_Paper_81.txt","HAMILTON",78.9677079660504
"Federalist_Paper_74.txt","HAMILTON","Federalist_Paper_81.txt","HAMILTON",80.7750563453509
"Federalist_Paper_74.txt","HAMILTON","Federalist_Paper_22.txt","HAMILTON",81.623602340448
"Federalist_Paper_74.txt","HAMILTON","Federalist_Paper_65.txt","HAMILTON",83.2508634702573
"Federalist_Paper_74.txt","HAMILTON","Federalist_Paper_76.txt","HAMILTON",86.3502272283128
"Federalist_Paper_74.txt","HAMILTON","Federalist_Paper_75.txt","HAMILTON",86.3544336095686
"Federalist_Paper_75.txt","HAMILTON","Federalist_Paper_77.txt","HAMILTON",75.437671677317
"Federalist_Paper_75.txt","HAMILTON","Federalist_Paper_66.txt","HAMILTON",75.7081409245193
"Federalist_Paper_75.txt","HAMILTON","Federalist_Paper_22.txt","HAMILTON",77.3013468748583
"Federalist_Paper_75.txt","HAMILTON","Federalist_Paper_73.txt","HAMILTON",82.0208987893053
"Federalist_Paper_75.txt","HAMILTON","Federalist_Paper_65.txt","HAMILTON",82.117094997266
"Federalist_Paper_76.txt","HAMILTON","Federalist_Paper_65.txt","HAMILTON",59.7061404725692
"Federalist_Paper_76.txt","HAMILTON","Federalist_Paper_73.txt","HAMILTON",74.8113819088556
"Federalist_Paper_76.txt","HAMILTON","Federalist_Paper_72.txt","HAMILTON",78.3417630936459
"Federalist_Paper_76.txt","HAMILTON","Federalist_Paper_81.txt","HAMILTON",80.8999880066409
"Federalist_Paper_76.txt","HAMILTON","Federalist_Paper_77.txt","HAMILTON",82.1738432365607
"Federalist_Paper_77.txt","HAMILTON","Federalist_Paper_66.txt","HAMILTON",74.7181161548683
"Federalist_Paper_77.txt","HAMILTON","Federalist_Paper_75.txt","HAMILTON",75.437671677317
"Federalist_Paper_77.txt","HAMILTON","Federalist_Paper_76.txt","HAMILTON",82.1738432365607
"Federalist_Paper_77.txt","HAMILTON","Federalist_Paper_65.txt","HAMILTON",82.3668790124542
"Federalist_Paper_77.txt","HAMILTON","Federalist_Paper_22.txt","HAMILTON",82.4257371573981
"Federalist_Paper_78.txt","HAMILTON","Federalist_Paper_81.txt","HAMILTON",66.4316989556013
"Federalist_Paper_78.txt","HAMILTON","Federalist_Paper_83.txt","HAMILTON",71.7465303803566
"Federalist_Paper_78.txt","HAMILTON","Federalist_Paper_35.txt","HAMILTON",71.8683538412842
"Federalist_Paper_78.txt","HAMILTON","Federalist_Paper_60.txt","HAMILTON",73.9092464700093
"Federalist_Paper_78.txt","HAMILTON","Federalist_Paper_22.txt","HAMILTON",74.6381129081315
"Federalist_Paper_79.txt","HAMILTON","Federalist_Paper_22.txt","HAMILTON",85.8604392528977
"Federalist_Paper_79.txt","HAMILTON","Federalist_Paper_83.txt","HAMILTON",87.5973347487961
"Federalist_Paper_79.txt","HAMILTON","Federalist_Paper_78.txt","HAMILTON",88.199712300489
"Federalist_Paper_79.txt","HAMILTON","Federalist_Paper_81.txt","HAMILTON",88.367561966916
"Federalist_Paper_79.txt","HAMILTON","Federalist_Paper_84.txt","HAMILTON",90.3444564524072
"Federalist_Paper_80.txt","HAMILTON","Federalist_Paper_81.txt","HAMILTON",87.4730365744271
"Federalist_Paper_80.txt","HAMILTON","Federalist_Paper_36.txt","HAMILTON",88.397417421605
"Federalist_Paper_80.txt","HAMILTON","Federalist_Paper_82.txt","HAMILTON",88.9976757411293
"Federalist_Paper_80.txt","HAMILTON","Federalist_Paper_42.txt","MADISON",91.4839318469932
"Federalist_Paper_80.txt","HAMILTON","Federalist_Paper_14.txt","MADISON",92.5266409387114
"Federalist_Paper_81.txt","HAMILTON","Federalist_Paper_83.txt","HAMILTON",57.9547394365797
"Federalist_Paper_81.txt","HAMILTON","Federalist_Paper_22.txt","HAMILTON",64.7700526588032
"Federalist_Paper_81.txt","HAMILTON","Federalist_Paper_78.txt","HAMILTON",66.4316989556013
"Federalist_Paper_81.txt","HAMILTON","Federalist_Paper_60.txt","HAMILTON",69.7583530937311
"Federalist_Paper_81.txt","HAMILTON","Federalist_Paper_66.txt","HAMILTON",72.3593206671777
"Federalist_Paper_82.txt","HAMILTON","Federalist_Paper_36.txt","HAMILTON",87.9170573844872
"Federalist_Paper_82.txt","HAMILTON","Federalist_Paper_81.txt","HAMILTON",88.4361451772986
"Federalist_Paper_82.txt","HAMILTON","Federalist_Paper_80.txt","HAMILTON",88.9976757411293
"Federalist_Paper_82.txt","HAMILTON","Federalist_Paper_22.txt","HAMILTON",94.1445061014394
"Federalist_Paper_82.txt","HAMILTON","Federalist_Paper_35.txt","HAMILTON",95.7940090327341
"Federalist_Paper_83.txt","HAMILTON","Federalist_Paper_81.txt","HAMILTON",57.9547394365797
"Federalist_Paper_83.txt","HAMILTON","Federalist_Paper_84.txt","HAMILTON",69.580185081024
"Federalist_Paper_83.txt","HAMILTON","Federalist_Paper_60.txt","HAMILTON",71.4046670896225
"Federalist_Paper_83.txt","HAMILTON","Federalist_Paper_78.txt","HAMILTON",71.7465303803566
"Federalist_Paper_83.txt","HAMILTON","Federalist_Paper_22.txt","HAMILTON",72.2629732813345
"Federalist_Paper_84.txt","HAMILTON","Federalist_Paper_83.txt","HAMILTON",69.580185081024
"Federalist_Paper_84.txt","HAMILTON","Federalist_Paper_81.txt","HAMILTON",74.1667552375968
"Federalist_Paper_84.txt","HAMILTON","Federalist_Paper_78.txt","HAMILTON",75.4524426988944
"Federalist_Paper_84.txt","HAMILTON","Federalist_Paper_85.txt","HAMILTON",76.2533502233103
"Federalist_Paper_84.txt","HAMILTON","Federalist_Paper_22.txt","HAMILTON",77.7333972595318
"Federalist_Paper_85.txt","HAMILTON","Federalist_Paper_81.txt","HAMILTON",74.9211747626539
"Federalist_Paper_85.txt","HAMILTON","Federalist_Paper_84.txt","HAMILTON",76.2533502233103
"Federalist_Paper_85.txt","HAMILTON","Federalist_Paper_22.txt","HAMILTON",76.4569385068491
"Federalist_Paper_85.txt","HAMILTON","Federalist_Paper_83.txt","HAMILTON",79.198538882281
"Federalist_Paper_85.txt","HAMILTON","Federalist_Paper_70.txt","HAMILTON",80.9598975924361
