Julian_Cluster,Members,Min_Julian_Distance,Min_Paul_Distance,Min_Mixed_Distance,Closer_to_Paul,Closest_Paul_Cluster
2,"['To Sarapion the Most Illustrious', 'Untitled Letter about the Argives']",3.559845502265513,2.877161023570901,7.152796655854267,True,5.0
4,['To the Same Person'],3.5355339059327378,4.9216076867444665,7.398986417070922,False,
9,['To Dionysius'],2.4000000000000004,4.314574782705193,3.990613987846983,False,
10,['To Libanius the Sophist'],2.4000000000000004,2.0138409955990952,4.07982842776507,True,5.0
