feature,importance
tfidf_word_tfidf_σε,2.200671707741428
sent_length_variance,1.9323710833876055
sem_semantic_coherence,1.8612856526553538
tfidf_word_tfidf_μεν,1.7600634772148918
sent_long_sentence_ratio,1.7594426756912043
tfidf_word_tfidf_μου,1.731939821981375
vocab_entropy,1.4059540959705306
tfidf_word_tfidf_υμας,1.3939924722864143
vocab_yules_k,1.384242329683162
sent_median_length,1.3769085322536694
sem_embedding_norm,1.3383018284206711
sent_std_length,1.079441817084622
vocab_guiraud_r,1.078081442497313
vocab_total_tokens,1.0330129472948908
sent_num_sentences,0.9902975584970619
tfidf_word_tfidf_θεου,0.9739013358744135
sent_mean_length,0.9660413990669892
tfidf_word_tfidf_ιησου,0.9437351009248361
vocab_vocab_size,0.9076858811717892
tfidf_word_tfidf_υμιν,0.9061073983868614
sent_complexity_score,0.8404313190092424
tfidf_word_tfidf_υμων,0.5897370466246282
tfidf_word_tfidf_σου,0.26991815724152507
tfidf_word_tfidf_θεων,0.105397978001968
