manuscript,author,cluster
Paul: 1 Corinthians,Paul,7
Paul: Galatians,Paul,0
Paul: Romans,Paul,7
Paul: 2 Corinthians,Paul,0
Paul: Philemon,Paul,1
Paul: Philippians,Paul,1
Paul: Titus,Paul,5
Paul: Colossians,Paul,8
Paul: 1 Thessalonians,Paul,6
Paul: 2 Thessalonians,Paul,6
Paul: 1 Timothy,Paul,5
Paul: 2 Timothy,Paul,5
Paul: Ephesians,Paul,8
Paul: Hebrews,Paul,3
Julian: To Dionysius,Julian,9
Julian: To Libanius the Sophist,Julian,10
Julian: To Sarapion the Most Illustrious,Julian,2
Julian: To the Same Person,Julian,4
Julian: Letter Fragment,Julian,3
Julian: Untitled Letter about the Argives,Julian,2
