"document","author","cluster_k3","cluster_k4","cluster_k5","cluster_k6"
"Federalist_Paper_01.txt","HAMILTON",1,1,1,1
"Federalist_Paper_02.txt","JAY",2,2,2,2
"Federalist_Paper_03.txt","JAY",2,2,2,2
"Federalist_Paper_04.txt","JAY",2,2,2,2
"Federalist_Paper_05.txt","JAY",2,2,2,2
"Federalist_Paper_06.txt","HAMILTON",3,3,3,3
"Federalist_Paper_07.txt","HAMILTON",3,3,3,3
"Federalist_Paper_08.txt","HAMILTON",3,3,3,3
"Federalist_Paper_09.txt","HAMILTON",3,3,3,3
"Federalist_Paper_10.txt","MADISON",1,1,1,4
"Federalist_Paper_11.txt","HAMILTON",3,3,3,3
"Federalist_Paper_12.txt","HAMILTON",3,3,3,3
"Federalist_Paper_13.txt","HAMILTON",3,3,4,5
"Federalist_Paper_14.txt","MADISON",1,1,1,1
"Federalist_Paper_15.txt","HAMILTON",3,3,3,3
"Federalist_Paper_16.txt","HAMILTON",3,3,3,3
"Federalist_Paper_17.txt","HAMILTON",3,3,3,3
"Federalist_Paper_18.txt","HAMILTON/MADISON",2,2,2,2
"Federalist_Paper_19.txt","HAMILTON/MADISON",2,2,2,2
"Federalist_Paper_20.txt","HAMILTON/MADISON",2,2,2,2
"Federalist_Paper_21.txt","HAMILTON",3,3,3,3
"Federalist_Paper_22.txt","HAMILTON",3,3,3,3
"Federalist_Paper_23.txt","HAMILTON",3,3,3,3
"Federalist_Paper_24.txt","HAMILTON",3,3,3,3
"Federalist_Paper_25.txt","HAMILTON",3,3,3,3
"Federalist_Paper_26.txt","HAMILTON",3,3,3,3
"Federalist_Paper_27.txt","HAMILTON",3,3,3,3
"Federalist_Paper_28.txt","HAMILTON",3,3,3,3
"Federalist_Paper_29.txt","HAMILTON",3,3,3,3
"Federalist_Paper_30.txt","HAMILTON",3,3,3,3
"Federalist_Paper_31.txt","HAMILTON",3,3,3,3
"Federalist_Paper_32.txt","HAMILTON",3,4,5,6
"Federalist_Paper_33.txt","HAMILTON",3,3,3,3
"Federalist_Paper_34.txt","HAMILTON",3,3,3,3
"Federalist_Paper_35.txt","HAMILTON",1,1,1,1
"Federalist_Paper_36.txt","HAMILTON",3,3,3,3
"Federalist_Paper_37.txt","MADISON",1,1,1,1
"Federalist_Paper_38.txt","MADISON",1,1,1,1
"Federalist_Paper_39.txt","MADISON",1,1,1,1
"Federalist_Paper_40.txt","MADISON",2,2,2,2
"Federalist_Paper_41.txt","MADISON",1,1,1,1
"Federalist_Paper_42.txt","MADISON",1,1,1,1
"Federalist_Paper_43.txt","MADISON",1,1,1,1
"Federalist_Paper_44.txt","MADISON",3,4,5,6
"Federalist_Paper_45.txt","MADISON",1,1,1,4
"Federalist_Paper_46.txt","MADISON",1,1,1,4
"Federalist_Paper_47.txt","MADISON",1,1,1,4
"Federalist_Paper_48.txt","MADISON",1,1,1,4
"Federalist_Paper_49.txt","HAMILTON/MADISON",1,1,1,1
"Federalist_Paper_50.txt","HAMILTON/MADISON",2,2,2,2
"Federalist_Paper_51.txt","HAMILTON/MADISON",1,1,1,1
"Federalist_Paper_52.txt","HAMILTON/MADISON",1,1,1,1
"Federalist_Paper_53.txt","HAMILTON/MADISON",1,1,1,1
"Federalist_Paper_54.txt","HAMILTON/MADISON",1,1,1,1
"Federalist_Paper_55.txt","HAMILTON/MADISON",1,1,1,4
"Federalist_Paper_56.txt","HAMILTON/MADISON",1,1,1,4
"Federalist_Paper_57.txt","HAMILTON/MADISON",1,1,1,4
"Federalist_Paper_58.txt","MADISON",1,1,1,4
"Federalist_Paper_59.txt","HAMILTON",3,3,3,3
"Federalist_Paper_60.txt","HAMILTON",3,3,4,5
"Federalist_Paper_61.txt","HAMILTON",3,3,3,3
"Federalist_Paper_62.txt","HAMILTON/MADISON",1,1,1,1
"Federalist_Paper_63.txt","HAMILTON/MADISON",1,1,1,1
"Federalist_Paper_64.txt","JAY",2,2,2,2
"Federalist_Paper_65.txt","HAMILTON",3,3,4,5
"Federalist_Paper_66.txt","HAMILTON",3,3,4,5
"Federalist_Paper_67.txt","HAMILTON",3,4,5,6
"Federalist_Paper_68.txt","HAMILTON",1,1,1,4
"Federalist_Paper_69.txt","HAMILTON",3,3,4,5
"Federalist_Paper_70.txt","HAMILTON",3,3,3,3
"Federalist_Paper_71.txt","HAMILTON",1,1,1,1
"Federalist_Paper_72.txt","HAMILTON",1,1,1,1
"Federalist_Paper_73.txt","HAMILTON",3,3,4,5
"Federalist_Paper_74.txt","HAMILTON",3,3,3,3
"Federalist_Paper_75.txt","HAMILTON",3,3,4,5
"Federalist_Paper_76.txt","HAMILTON",3,3,4,5
"Federalist_Paper_77.txt","HAMILTON",3,3,4,5
"Federalist_Paper_78.txt","HAMILTON",1,1,1,1
"Federalist_Paper_79.txt","HAMILTON",1,1,1,1
"Federalist_Paper_80.txt","HAMILTON",3,4,5,6
"Federalist_Paper_81.txt","HAMILTON",1,1,1,1
"Federalist_Paper_82.txt","HAMILTON",3,4,5,6
"Federalist_Paper_83.txt","HAMILTON",1,1,1,1
"Federalist_Paper_84.txt","HAMILTON",1,1,1,1
"Federalist_Paper_85.txt","HAMILTON",3,3,3,3
