"document","document_author","neighbor","neighbor_author","distance"
"Federalist_Paper_01.txt","HAMILTON","Federalist_Paper_15.txt","HAMILTON",78.1305203722519
"Federalist_Paper_01.txt","HAMILTON","Federalist_Paper_06.txt","HAMILTON",81.0357720168659
"Federalist_Paper_01.txt","HAMILTON","Federalist_Paper_14.txt","MADISON",81.9665831415204
"Federalist_Paper_01.txt","HAMILTON","Federalist_Paper_12.txt","HAMILTON",82.5881938364433
"Federalist_Paper_01.txt","HAMILTON","Federalist_Paper_26.txt","HAMILTON",82.8089273412875
"Federalist_Paper_02.txt","JAY","Federalist_Paper_08.txt","HAMILTON",84.7807370972311
"Federalist_Paper_02.txt","JAY","Federalist_Paper_04.txt","JAY",84.9550393025607
"Federalist_Paper_02.txt","JAY","Federalist_Paper_01.txt","HAMILTON",84.9944112330481
"Federalist_Paper_02.txt","JAY","Federalist_Paper_11.txt","HAMILTON",85.2291313096948
"Federalist_Paper_02.txt","JAY","Federalist_Paper_38.txt","MADISON",85.4531333093776
"Federalist_Paper_03.txt","JAY","Federalist_Paper_04.txt","JAY",84.62065772916
"Federalist_Paper_03.txt","JAY","Federalist_Paper_35.txt","HAMILTON",85.9855173871308
"Federalist_Paper_03.txt","JAY","Federalist_Paper_64.txt","JAY",87.8125050069652
"Federalist_Paper_03.txt","JAY","Federalist_Paper_11.txt","HAMILTON",88.7888601694588
"Federalist_Paper_03.txt","JAY","Federalist_Paper_01.txt","HAMILTON",89.6594867683563
"Federalist_Paper_04.txt","JAY","Federalist_Paper_08.txt","HAMILTON",76.2619073748112
"Federalist_Paper_04.txt","JAY","Federalist_Paper_03.txt","JAY",84.62065772916
"Federalist_Paper_04.txt","JAY","Federalist_Paper_02.txt","JAY",84.9550393025607
"Federalist_Paper_04.txt","JAY","Federalist_Paper_19.txt","HAMILTON/MADISON",85.0684983685142
"Federalist_Paper_04.txt","JAY","Federalist_Paper_72.txt","HAMILTON",85.6819841648661
"Federalist_Paper_05.txt","JAY","Federalist_Paper_18.txt","HAMILTON/MADISON",76.6673226216557
"Federalist_Paper_05.txt","JAY","Federalist_Paper_08.txt","HAMILTON",84.360581981062
"Federalist_Paper_05.txt","JAY","Federalist_Paper_04.txt","JAY",85.8935582238983
"Federalist_Paper_05.txt","JAY","Federalist_Paper_02.txt","JAY",88.0552831826752
"Federalist_Paper_05.txt","JAY","Federalist_Paper_24.txt","HAMILTON",91.24528617049
"Federalist_Paper_06.txt","HAMILTON","Federalist_Paper_11.txt","HAMILTON",67.1761097914362
"Federalist_Paper_06.txt","HAMILTON","Federalist_Paper_08.txt","HAMILTON",71.0790751914456
"Federalist_Paper_06.txt","HAMILTON","Federalist_Paper_12.txt","HAMILTON",72.5982803356808
"Federalist_Paper_06.txt","HAMILTON","Federalist_Paper_18.txt","HAMILTON/MADISON",72.9316143524177
"Federalist_Paper_06.txt","HAMILTON","Federalist_Paper_19.txt","HAMILTON/MADISON",72.9847130174065
"Federalist_Paper_07.txt","HAMILTON","Federalist_Paper_15.txt","HAMILTON",74.6501007007541
"Federalist_Paper_07.txt","HAMILTON","Federalist_Paper_34.txt","HAMILTON",75.482997322979
"Federalist_Paper_07.txt","HAMILTON","Federalist_Paper_11.txt","HAMILTON",76.3411895445015
"Federalist_Paper_07.txt","HAMILTON","Federalist_Paper_24.txt","HAMILTON",80.1140747848205
"Federalist_Paper_07.txt","HAMILTON","Federalist_Paper_25.txt","HAMILTON",81.3608309555029
"Federalist_Paper_08.txt","HAMILTON","Federalist_Paper_12.txt","HAMILTON",63.1778081707004
"Federalist_Paper_08.txt","HAMILTON","Federalist_Paper_15.txt","HAMILTON",68.0757568346541
"Federalist_Paper_08.txt","HAMILTON","Federalist_Paper_06.txt","HAMILTON",71.0790751914456
"Federalist_Paper_08.txt","HAMILTON","Federalist_Paper_11.txt","HAMILTON",71.1856751604895
"Federalist_Paper_08.txt","HAMILTON","Federalist_Paper_24.txt","HAMILTON",72.3941885811457
"Federalist_Paper_09.txt","HAMILTON","Federalist_Paper_06.txt","HAMILTON",78.681430141857
"Federalist_Paper_09.txt","HAMILTON","Federalist_Paper_08.txt","HAMILTON",80.6317185417114
"Federalist_Paper_09.txt","HAMILTON","Federalist_Paper_25.txt","HAMILTON",82.6347683833731
"Federalist_Paper_09.txt","HAMILTON","Federalist_Paper_15.txt","HAMILTON",83.0233302335674
"Federalist_Paper_09.txt","HAMILTON","Federalist_Paper_11.txt","HAMILTON",83.911365572181
"Federalist_Paper_10.txt","MADISON","Federalist_Paper_55.txt","HAMILTON/MADISON",86.7585844308293
"Federalist_Paper_10.txt","MADISON","Federalist_Paper_41.txt","MADISON",87.2946912417457
"Federalist_Paper_10.txt","MADISON","Federalist_Paper_19.txt","HAMILTON/MADISON",87.5820417011442
"Federalist_Paper_10.txt","MADISON","Federalist_Paper_62.txt","HAMILTON/MADISON",90.6743307016809
"Federalist_Paper_10.txt","MADISON","Federalist_Paper_08.txt","HAMILTON",91.4669431999701
"Federalist_Paper_11.txt","HAMILTON","Federalist_Paper_06.txt","HAMILTON",67.1761097914362
"Federalist_Paper_11.txt","HAMILTON","Federalist_Paper_15.txt","HAMILTON",70.2653659708135
"Federalist_Paper_11.txt","HAMILTON","Federalist_Paper_12.txt","HAMILTON",70.3697283671859
"Federalist_Paper_11.txt","HAMILTON","Federalist_Paper_18.txt","HAMILTON/MADISON",71.0003143006718
"Federalist_Paper_11.txt","HAMILTON","Federalist_Paper_08.txt","HAMILTON",71.1856751604895
"Federalist_Paper_12.txt","HAMILTON","Federalist_Paper_08.txt","HAMILTON",63.1778081707004
"Federalist_Paper_12.txt","HAMILTON","Federalist_Paper_15.txt","HAMILTON",69.0029038380037
"Federalist_Paper_12.txt","HAMILTON","Federalist_Paper_11.txt","HAMILTON",70.3697283671859
"Federalist_Paper_12.txt","HAMILTON","Federalist_Paper_06.txt","HAMILTON",72.5982803356808
"Federalist_Paper_12.txt","HAMILTON","Federalist_Paper_26.txt","HAMILTON",75.7338078283394
"Federalist_Paper_13.txt","HAMILTON","Federalist_Paper_12.txt","HAMILTON",92.4195293400994
"Federalist_Paper_13.txt","HAMILTON","Federalist_Paper_75.txt","HAMILTON",93.7595050868204
"Federalist_Paper_13.txt","HAMILTON","Federalist_Paper_15.txt","HAMILTON",95.830463545483
"Federalist_Paper_13.txt","HAMILTON","Federalist_Paper_11.txt","HAMILTON",96.4009401998153
"Federalist_Paper_13.txt","HAMILTON","Federalist_Paper_35.txt","HAMILTON",96.5527683669013
"Federalist_Paper_14.txt","MADISON","Federalist_Paper_01.txt","HAMILTON",81.9665831415204
"Federalist_Paper_14.txt","MADISON","Federalist_Paper_22.txt","HAMILTON",82.4566997420645
"Federalist_Paper_14.txt","MADISON","Federalist_Paper_84.txt","HAMILTON",85.926682617784
"Federalist_Paper_14.txt","MADISON","Federalist_Paper_55.txt","HAMILTON/MADISON",86.1406810973182
"Federalist_Paper_14.txt","MADISON","Federalist_Paper_15.txt","HAMILTON",86.9197181733431
"Federalist_Paper_15.txt","HAMILTON","Federalist_Paper_22.txt","HAMILTON",64.9263533606852
"Federalist_Paper_15.txt","HAMILTON","Federalist_Paper_08.txt","HAMILTON",68.0757568346541
"Federalist_Paper_15.txt","HAMILTON","Federalist_Paper_12.txt","HAMILTON",69.0029038380037
"Federalist_Paper_15.txt","HAMILTON","Federalist_Paper_11.txt","HAMILTON",70.2653659708135
"Federalist_Paper_15.txt","HAMILTON","Federalist_Paper_85.txt","HAMILTON",72.4785671872753
"Federalist_Paper_16.txt","HAMILTON","Federalist_Paper_11.txt","HAMILTON",75.8600749028685
"Federalist_Paper_16.txt","HAMILTON","Federalist_Paper_30.txt","HAMILTON",76.6218408125136
"Federalist_Paper_16.txt","HAMILTON","Federalist_Paper_26.txt","HAMILTON",78.6749194255882
"Federalist_Paper_16.txt","HAMILTON","Federalist_Paper_72.txt","HAMILTON",79.573144699038
"Federalist_Paper_16.txt","HAMILTON","Federalist_Paper_25.txt","HAMILTON",82.2330629679754
"Federalist_Paper_17.txt","HAMILTON","Federalist_Paper_08.txt","HAMILTON",82.7221650065152
"Federalist_Paper_17.txt","HAMILTON","Federalist_Paper_26.txt","HAMILTON",86.0145569446882
"Federalist_Paper_17.txt","HAMILTON","Federalist_Paper_16.txt","HAMILTON",87.1415211989463
"Federalist_Paper_17.txt","HAMILTON","Federalist_Paper_18.txt","HAMILTON/MADISON",87.4481731260407
"Federalist_Paper_17.txt","HAMILTON","Federalist_Paper_15.txt","HAMILTON",87.9662427480738
"Federalist_Paper_18.txt","HAMILTON/MADISON","Federalist_Paper_19.txt","HAMILTON/MADISON",68.545913512428
"Federalist_Paper_18.txt","HAMILTON/MADISON","Federalist_Paper_11.txt","HAMILTON",71.0003143006718
"Federalist_Paper_18.txt","HAMILTON/MADISON","Federalist_Paper_06.txt","HAMILTON",72.9316143524177
"Federalist_Paper_18.txt","HAMILTON/MADISON","Federalist_Paper_05.txt","JAY",76.6673226216557
"Federalist_Paper_18.txt","HAMILTON/MADISON","Federalist_Paper_08.txt","HAMILTON",77.4891280810941
"Federalist_Paper_19.txt","HAMILTON/MADISON","Federalist_Paper_18.txt","HAMILTON/MADISON",68.545913512428
"Federalist_Paper_19.txt","HAMILTON/MADISON","Federalist_Paper_20.txt","HAMILTON/MADISON",70.5159576012724
"Federalist_Paper_19.txt","HAMILTON/MADISON","Federalist_Paper_06.txt","HAMILTON",72.9847130174065
"Federalist_Paper_19.txt","HAMILTON/MADISON","Federalist_Paper_53.txt","HAMILTON/MADISON",73.8276227440354
"Federalist_Paper_19.txt","HAMILTON/MADISON","Federalist_Paper_08.txt","HAMILTON",74.9812573231641
"Federalist_Paper_20.txt","HAMILTON/MADISON","Federalist_Paper_19.txt","HAMILTON/MADISON",70.5159576012724
"Federalist_Paper_20.txt","HAMILTON/MADISON","Federalist_Paper_57.txt","HAMILTON/MADISON",77.0084378544554
"Federalist_Paper_20.txt","HAMILTON/MADISON","Federalist_Paper_18.txt","HAMILTON/MADISON",78.8961710277099
"Federalist_Paper_20.txt","HAMILTON/MADISON","Federalist_Paper_15.txt","HAMILTON",83.5214046198513
"Federalist_Paper_20.txt","HAMILTON/MADISON","Federalist_Paper_11.txt","HAMILTON",85.3534470653149
"Federalist_Paper_21.txt","HAMILTON","Federalist_Paper_22.txt","HAMILTON",80.3289186027375
"Federalist_Paper_21.txt","HAMILTON","Federalist_Paper_15.txt","HAMILTON",81.1055700307792
"Federalist_Paper_21.txt","HAMILTON","Federalist_Paper_08.txt","HAMILTON",83.2425938047341
"Federalist_Paper_21.txt","HAMILTON","Federalist_Paper_11.txt","HAMILTON",85.0134537110377
"Federalist_Paper_21.txt","HAMILTON","Federalist_Paper_25.txt","HAMILTON",86.175091700223
"Federalist_Paper_22.txt","HAMILTON","Federalist_Paper_15.txt","HAMILTON",64.9263533606852
"Federalist_Paper_22.txt","HAMILTON","Federalist_Paper_25.txt","HAMILTON",68.9617426327819
"Federalist_Paper_22.txt","HAMILTON","Federalist_Paper_83.txt","HAMILTON",71.4840505754283
"Federalist_Paper_22.txt","HAMILTON","Federalist_Paper_85.txt","HAMILTON",72.9867229447354
"Federalist_Paper_22.txt","HAMILTON","Federalist_Paper_38.txt","MADISON",73.4643174523598
"Federalist_Paper_23.txt","HAMILTON","Federalist_Paper_36.txt","HAMILTON",84.5859741960525
"Federalist_Paper_23.txt","HAMILTON","Federalist_Paper_15.txt","HAMILTON",86.457884774522
"Federalist_Paper_23.txt","HAMILTON","Federalist_Paper_22.txt","HAMILTON",86.8117912866112
"Federalist_Paper_23.txt","HAMILTON","Federalist_Paper_25.txt","HAMILTON",89.3388227556864
"Federalist_Paper_23.txt","HAMILTON","Federalist_Paper_70.txt","HAMILTON",89.4500534869716
"Federalist_Paper_24.txt","HAMILTON","Federalist_Paper_08.txt","HAMILTON",72.3941885811457
"Federalist_Paper_24.txt","HAMILTON","Federalist_Paper_26.txt","HAMILTON",76.1079745730441
"Federalist_Paper_24.txt","HAMILTON","Federalist_Paper_19.txt","HAMILTON/MADISON",79.2362900534619
"Federalist_Paper_24.txt","HAMILTON","Federalist_Paper_25.txt","HAMILTON",79.5041352735337
"Federalist_Paper_24.txt","HAMILTON","Federalist_Paper_07.txt","HAMILTON",80.1140747848205
"Federalist_Paper_25.txt","HAMILTON","Federalist_Paper_22.txt","HAMILTON",68.9617426327819
"Federalist_Paper_25.txt","HAMILTON","Federalist_Paper_11.txt","HAMILTON",71.3400750102284
"Federalist_Paper_25.txt","HAMILTON","Federalist_Paper_30.txt","HAMILTON",73.6868960003537
"Federalist_Paper_25.txt","HAMILTON","Federalist_Paper_83.txt","HAMILTON",73.8349528526646
"Federalist_Paper_25.txt","HAMILTON","Federalist_Paper_72.txt","HAMILTON",73.8707229987587
"Federalist_Paper_26.txt","HAMILTON","Federalist_Paper_22.txt","HAMILTON",73.7071337685671
"Federalist_Paper_26.txt","HAMILTON","Federalist_Paper_38.txt","MADISON",75.108952199814
"Federalist_Paper_26.txt","HAMILTON","Federalist_Paper_12.txt","HAMILTON",75.7338078283394
"Federalist_Paper_26.txt","HAMILTON","Federalist_Paper_24.txt","HAMILTON",76.1079745730441
"Federalist_Paper_26.txt","HAMILTON","Federalist_Paper_11.txt","HAMILTON",76.6705213424732
"Federalist_Paper_27.txt","HAMILTON","Federalist_Paper_36.txt","HAMILTON",86.86847022674
"Federalist_Paper_27.txt","HAMILTON","Federalist_Paper_25.txt","HAMILTON",89.5389505067096
"Federalist_Paper_27.txt","HAMILTON","Federalist_Paper_84.txt","HAMILTON",96.1122981568466
"Federalist_Paper_27.txt","HAMILTON","Federalist_Paper_15.txt","HAMILTON",97.8447533307479
"Federalist_Paper_27.txt","HAMILTON","Federalist_Paper_26.txt","HAMILTON",97.9916869992765
"Federalist_Paper_28.txt","HAMILTON","Federalist_Paper_15.txt","HAMILTON",82.0532752072709
"Federalist_Paper_28.txt","HAMILTON","Federalist_Paper_41.txt","MADISON",85.2264950216666
"Federalist_Paper_28.txt","HAMILTON","Federalist_Paper_35.txt","HAMILTON",87.9455470757109
"Federalist_Paper_28.txt","HAMILTON","Federalist_Paper_16.txt","HAMILTON",90.0089748398903
"Federalist_Paper_28.txt","HAMILTON","Federalist_Paper_11.txt","HAMILTON",90.2748406707858
"Federalist_Paper_29.txt","HAMILTON","Federalist_Paper_25.txt","HAMILTON",84.7280983272986
"Federalist_Paper_29.txt","HAMILTON","Federalist_Paper_15.txt","HAMILTON",89.2023237325354
"Federalist_Paper_29.txt","HAMILTON","Federalist_Paper_66.txt","HAMILTON",89.3437069299437
"Federalist_Paper_29.txt","HAMILTON","Federalist_Paper_84.txt","HAMILTON",89.3739520112396
"Federalist_Paper_29.txt","HAMILTON","Federalist_Paper_22.txt","HAMILTON",90.349799791443
"Federalist_Paper_30.txt","HAMILTON","Federalist_Paper_25.txt","HAMILTON",73.6868960003537
"Federalist_Paper_30.txt","HAMILTON","Federalist_Paper_16.txt","HAMILTON",76.6218408125136
"Federalist_Paper_30.txt","HAMILTON","Federalist_Paper_26.txt","HAMILTON",78.2422256109953
"Federalist_Paper_30.txt","HAMILTON","Federalist_Paper_24.txt","HAMILTON",82.0941033650672
"Federalist_Paper_30.txt","HAMILTON","Federalist_Paper_22.txt","HAMILTON",82.5492157077512
"Federalist_Paper_31.txt","HAMILTON","Federalist_Paper_83.txt","HAMILTON",84.8738868975845
"Federalist_Paper_31.txt","HAMILTON","Federalist_Paper_25.txt","HAMILTON",85.264934063572
"Federalist_Paper_31.txt","HAMILTON","Federalist_Paper_81.txt","HAMILTON",89.9397155168638
"Federalist_Paper_31.txt","HAMILTON","Federalist_Paper_30.txt","HAMILTON",91.1628534674168
"Federalist_Paper_31.txt","HAMILTON","Federalist_Paper_35.txt","HAMILTON",93.1464748750607
"Federalist_Paper_32.txt","HAMILTON","Federalist_Paper_83.txt","HAMILTON",94.1370640954479
"Federalist_Paper_32.txt","HAMILTON","Federalist_Paper_25.txt","HAMILTON",95.5752582063865
"Federalist_Paper_32.txt","HAMILTON","Federalist_Paper_07.txt","HAMILTON",96.2452627849124
"Federalist_Paper_32.txt","HAMILTON","Federalist_Paper_81.txt","HAMILTON",96.6086786247873
"Federalist_Paper_32.txt","HAMILTON","Federalist_Paper_29.txt","HAMILTON",99.7271939505914
"Federalist_Paper_33.txt","HAMILTON","Federalist_Paper_41.txt","MADISON",86.3280082106014
"Federalist_Paper_33.txt","HAMILTON","Federalist_Paper_83.txt","HAMILTON",93.4573945139971
"Federalist_Paper_33.txt","HAMILTON","Federalist_Paper_84.txt","HAMILTON",93.6621295691556
"Federalist_Paper_33.txt","HAMILTON","Federalist_Paper_36.txt","HAMILTON",95.1197101696233
"Federalist_Paper_33.txt","HAMILTON","Federalist_Paper_38.txt","MADISON",95.7986573783286
"Federalist_Paper_34.txt","HAMILTON","Federalist_Paper_85.txt","HAMILTON",74.8112055852322
"Federalist_Paper_34.txt","HAMILTON","Federalist_Paper_07.txt","HAMILTON",75.482997322979
"Federalist_Paper_34.txt","HAMILTON","Federalist_Paper_81.txt","HAMILTON",80.7789206003707
"Federalist_Paper_34.txt","HAMILTON","Federalist_Paper_83.txt","HAMILTON",81.1987867630417
"Federalist_Paper_34.txt","HAMILTON","Federalist_Paper_35.txt","HAMILTON",82.8331341063904
"Federalist_Paper_35.txt","HAMILTON","Federalist_Paper_72.txt","HAMILTON",71.8906145544043
"Federalist_Paper_35.txt","HAMILTON","Federalist_Paper_53.txt","HAMILTON/MADISON",74.7932654225058
"Federalist_Paper_35.txt","HAMILTON","Federalist_Paper_08.txt","HAMILTON",76.3900052114301
"Federalist_Paper_35.txt","HAMILTON","Federalist_Paper_38.txt","MADISON",80.559805420442
"Federalist_Paper_35.txt","HAMILTON","Federalist_Paper_62.txt","HAMILTON/MADISON",81.1577831500766
"Federalist_Paper_36.txt","HAMILTON","Federalist_Paper_25.txt","HAMILTON",81.1446137370066
"Federalist_Paper_36.txt","HAMILTON","Federalist_Paper_81.txt","HAMILTON",81.3860319519768
"Federalist_Paper_36.txt","HAMILTON","Federalist_Paper_22.txt","HAMILTON",83.7250416926216
"Federalist_Paper_36.txt","HAMILTON","Federalist_Paper_23.txt","HAMILTON",84.5859741960525
"Federalist_Paper_36.txt","HAMILTON","Federalist_Paper_83.txt","HAMILTON",85.369693612817
"Federalist_Paper_37.txt","MADISON","Federalist_Paper_83.txt","HAMILTON",81.2334205527946
"Federalist_Paper_37.txt","MADISON","Federalist_Paper_19.txt","HAMILTON/MADISON",84.1643197138942
"Federalist_Paper_37.txt","MADISON","Federalist_Paper_70.txt","HAMILTON",88.3275437689173
"Federalist_Paper_37.txt","MADISON","Federalist_Paper_53.txt","HAMILTON/MADISON",88.5013167939269
"Federalist_Paper_37.txt","MADISON","Federalist_Paper_22.txt","HAMILTON",88.6682295871652
"Federalist_Paper_38.txt","MADISON","Federalist_Paper_83.txt","HAMILTON",68.6415759128991
"Federalist_Paper_38.txt","MADISON","Federalist_Paper_41.txt","MADISON",72.6586144843805
"Federalist_Paper_38.txt","MADISON","Federalist_Paper_63.txt","HAMILTON/MADISON",73.4173900174633
"Federalist_Paper_38.txt","MADISON","Federalist_Paper_22.txt","HAMILTON",73.4643174523598
"Federalist_Paper_38.txt","MADISON","Federalist_Paper_84.txt","HAMILTON",73.5088372197595
"Federalist_Paper_39.txt","MADISON","Federalist_Paper_25.txt","HAMILTON",95.2046309126384
"Federalist_Paper_39.txt","MADISON","Federalist_Paper_53.txt","HAMILTON/MADISON",96.6637451396525
"Federalist_Paper_39.txt","MADISON","Federalist_Paper_63.txt","HAMILTON/MADISON",98.4992397509916
"Federalist_Paper_39.txt","MADISON","Federalist_Paper_84.txt","HAMILTON",98.6666126329599
"Federalist_Paper_39.txt","MADISON","Federalist_Paper_81.txt","HAMILTON",99.8729510915074
"Federalist_Paper_40.txt","MADISON","Federalist_Paper_04.txt","JAY",102.246561749908
"Federalist_Paper_40.txt","MADISON","Federalist_Paper_38.txt","MADISON",102.749280872218
"Federalist_Paper_40.txt","MADISON","Federalist_Paper_02.txt","JAY",105.33129853019
"Federalist_Paper_40.txt","MADISON","Federalist_Paper_19.txt","HAMILTON/MADISON",107.052768851765
"Federalist_Paper_40.txt","MADISON","Federalist_Paper_68.txt","HAMILTON",109.426830442867
"Federalist_Paper_41.txt","MADISON","Federalist_Paper_81.txt","HAMILTON",72.1606253096254
"Federalist_Paper_41.txt","MADISON","Federalist_Paper_38.txt","MADISON",72.6586144843805
"Federalist_Paper_41.txt","MADISON","Federalist_Paper_19.txt","HAMILTON/MADISON",76.9728742701059
"Federalist_Paper_41.txt","MADISON","Federalist_Paper_15.txt","HAMILTON",77.4887319993418
"Federalist_Paper_41.txt","MADISON","Federalist_Paper_62.txt","HAMILTON/MADISON",77.5425436268113
"Federalist_Paper_42.txt","MADISON","Federalist_Paper_41.txt","MADISON",78.5803452776921
"Federalist_Paper_42.txt","MADISON","Federalist_Paper_38.txt","MADISON",83.8298566013426
"Federalist_Paper_42.txt","MADISON","Federalist_Paper_83.txt","HAMILTON",85.0197545128125
"Federalist_Paper_42.txt","MADISON","Federalist_Paper_81.txt","HAMILTON",86.3380017956929
"Federalist_Paper_42.txt","MADISON","Federalist_Paper_18.txt","HAMILTON/MADISON",90.3254710846889
"Federalist_Paper_43.txt","MADISON","Federalist_Paper_25.txt","HAMILTON",77.8097773312506
"Federalist_Paper_43.txt","MADISON","Federalist_Paper_83.txt","HAMILTON",85.7410719598327
"Federalist_Paper_43.txt","MADISON","Federalist_Paper_41.txt","MADISON",87.4272191661155
"Federalist_Paper_43.txt","MADISON","Federalist_Paper_38.txt","MADISON",89.1050665627757
"Federalist_Paper_43.txt","MADISON","Federalist_Paper_81.txt","HAMILTON",91.3420447847596
"Federalist_Paper_44.txt","MADISON","Federalist_Paper_52.txt","HAMILTON/MADISON",103.937057734751
"Federalist_Paper_44.txt","MADISON","Federalist_Paper_07.txt","HAMILTON",104.862881569291
"Federalist_Paper_44.txt","MADISON","Federalist_Paper_45.txt","MADISON",107.761714652315
"Federalist_Paper_44.txt","MADISON","Federalist_Paper_32.txt","HAMILTON",107.97035486744
"Federalist_Paper_44.txt","MADISON","Federalist_Paper_15.txt","HAMILTON",110.067362064366
"Federalist_Paper_45.txt","MADISON","Federalist_Paper_46.txt","MADISON",89.219260880828
"Federalist_Paper_45.txt","MADISON","Federalist_Paper_41.txt","MADISON",93.9284994495285
"Federalist_Paper_45.txt","MADISON","Federalist_Paper_18.txt","HAMILTON/MADISON",95.0903957277934
"Federalist_Paper_45.txt","MADISON","Federalist_Paper_58.txt","MADISON",95.1527476537292
"Federalist_Paper_45.txt","MADISON","Federalist_Paper_08.txt","HAMILTON",95.3936817648872
"Federalist_Paper_46.txt","MADISON","Federalist_Paper_45.txt","MADISON",89.219260880828
"Federalist_Paper_46.txt","MADISON","Federalist_Paper_56.txt","HAMILTON/MADISON",90.3085167170799
"Federalist_Paper_46.txt","MADISON","Federalist_Paper_57.txt","HAMILTON/MADISON",92.6299335961486
"Federalist_Paper_46.txt","MADISON","Federalist_Paper_19.txt","HAMILTON/MADISON",92.7123023680571
"Federalist_Paper_46.txt","MADISON","Federalist_Paper_08.txt","HAMILTON",94.3744002960214
"Federalist_Paper_47.txt","MADISON","Federalist_Paper_19.txt","HAMILTON/MADISON",89.651794297216
"Federalist_Paper_47.txt","MADISON","Federalist_Paper_48.txt","MADISON",92.0485033385335
"Federalist_Paper_47.txt","MADISON","Federalist_Paper_15.txt","HAMILTON",92.52953271615
"Federalist_Paper_47.txt","MADISON","Federalist_Paper_41.txt","MADISON",93.6624186617801
"Federalist_Paper_47.txt","MADISON","Federalist_Paper_18.txt","HAMILTON/MADISON",95.997682969092
"Federalist_Paper_48.txt","MADISON","Federalist_Paper_38.txt","MADISON",86.4127896378325
"Federalist_Paper_48.txt","MADISON","Federalist_Paper_62.txt","HAMILTON/MADISON",91.9524396634837
"Federalist_Paper_48.txt","MADISON","Federalist_Paper_15.txt","HAMILTON",91.9855018562456
"Federalist_Paper_48.txt","MADISON","Federalist_Paper_47.txt","MADISON",92.0485033385335
"Federalist_Paper_48.txt","MADISON","Federalist_Paper_08.txt","HAMILTON",93.1430323794556
"Federalist_Paper_49.txt","HAMILTON/MADISON","Federalist_Paper_72.txt","HAMILTON",83.7405416903358
"Federalist_Paper_49.txt","HAMILTON/MADISON","Federalist_Paper_38.txt","MADISON",85.2586338966768
"Federalist_Paper_49.txt","HAMILTON/MADISON","Federalist_Paper_63.txt","HAMILTON/MADISON",90.7197827749524
"Federalist_Paper_49.txt","HAMILTON/MADISON","Federalist_Paper_08.txt","HAMILTON",91.3921736530572
"Federalist_Paper_49.txt","HAMILTON/MADISON","Federalist_Paper_41.txt","MADISON",92.2668899300309
"Federalist_Paper_50.txt","HAMILTON/MADISON","Federalist_Paper_72.txt","HAMILTON",88.7976834535312
"Federalist_Paper_50.txt","HAMILTON/MADISON","Federalist_Paper_57.txt","HAMILTON/MADISON",90.5068934427416
"Federalist_Paper_50.txt","HAMILTON/MADISON","Federalist_Paper_02.txt","JAY",90.5979474709625
"Federalist_Paper_50.txt","HAMILTON/MADISON","Federalist_Paper_08.txt","HAMILTON",94.5378348686426
"Federalist_Paper_50.txt","HAMILTON/MADISON","Federalist_Paper_20.txt","HAMILTON/MADISON",95.7920700227551
"Federalist_Paper_51.txt","HAMILTON/MADISON","Federalist_Paper_63.txt","HAMILTON/MADISON",88.1897283435056
"Federalist_Paper_51.txt","HAMILTON/MADISON","Federalist_Paper_25.txt","HAMILTON",92.0705494890985
"Federalist_Paper_51.txt","HAMILTON/MADISON","Federalist_Paper_62.txt","HAMILTON/MADISON",94.3437832264087
"Federalist_Paper_51.txt","HAMILTON/MADISON","Federalist_Paper_10.txt","MADISON",96.680399032053
"Federalist_Paper_51.txt","HAMILTON/MADISON","Federalist_Paper_53.txt","HAMILTON/MADISON",97.4464177972576
"Federalist_Paper_52.txt","HAMILTON/MADISON","Federalist_Paper_57.txt","HAMILTON/MADISON",95.0116433218794
"Federalist_Paper_52.txt","HAMILTON/MADISON","Federalist_Paper_36.txt","HAMILTON",96.1361400509719
"Federalist_Paper_52.txt","HAMILTON/MADISON","Federalist_Paper_84.txt","HAMILTON",96.5459118080503
"Federalist_Paper_52.txt","HAMILTON/MADISON","Federalist_Paper_63.txt","HAMILTON/MADISON",96.9509009260397
"Federalist_Paper_52.txt","HAMILTON/MADISON","Federalist_Paper_23.txt","HAMILTON",98.0773484924736
"Federalist_Paper_53.txt","HAMILTON/MADISON","Federalist_Paper_62.txt","HAMILTON/MADISON",70.671781422998
"Federalist_Paper_53.txt","HAMILTON/MADISON","Federalist_Paper_19.txt","HAMILTON/MADISON",73.8276227440354
"Federalist_Paper_53.txt","HAMILTON/MADISON","Federalist_Paper_35.txt","HAMILTON",74.7932654225058
"Federalist_Paper_53.txt","HAMILTON/MADISON","Federalist_Paper_11.txt","HAMILTON",76.0090399220501
"Federalist_Paper_53.txt","HAMILTON/MADISON","Federalist_Paper_25.txt","HAMILTON",77.6852126779774
"Federalist_Paper_54.txt","HAMILTON/MADISON","Federalist_Paper_83.txt","HAMILTON",92.7567078921373
"Federalist_Paper_54.txt","HAMILTON/MADISON","Federalist_Paper_15.txt","HAMILTON",96.3144727356732
"Federalist_Paper_54.txt","HAMILTON/MADISON","Federalist_Paper_38.txt","MADISON",96.8129700642584
"Federalist_Paper_54.txt","HAMILTON/MADISON","Federalist_Paper_18.txt","HAMILTON/MADISON",96.9639856698354
"Federalist_Paper_54.txt","HAMILTON/MADISON","Federalist_Paper_62.txt","HAMILTON/MADISON",97.065291952564
"Federalist_Paper_55.txt","HAMILTON/MADISON","Federalist_Paper_57.txt","HAMILTON/MADISON",81.2582863272219
"Federalist_Paper_55.txt","HAMILTON/MADISON","Federalist_Paper_53.txt","HAMILTON/MADISON",81.5607441983729
"Federalist_Paper_55.txt","HAMILTON/MADISON","Federalist_Paper_19.txt","HAMILTON/MADISON",82.4144343462073
"Federalist_Paper_55.txt","HAMILTON/MADISON","Federalist_Paper_25.txt","HAMILTON",84.6712281468706
"Federalist_Paper_55.txt","HAMILTON/MADISON","Federalist_Paper_68.txt","HAMILTON",85.10065329911
"Federalist_Paper_56.txt","HAMILTON/MADISON","Federalist_Paper_08.txt","HAMILTON",88.555626376745
"Federalist_Paper_56.txt","HAMILTON/MADISON","Federalist_Paper_57.txt","HAMILTON/MADISON",89.9633299510445
"Federalist_Paper_56.txt","HAMILTON/MADISON","Federalist_Paper_46.txt","MADISON",90.3085167170799
"Federalist_Paper_56.txt","HAMILTON/MADISON","Federalist_Paper_55.txt","HAMILTON/MADISON",91.5125466316754
"Federalist_Paper_56.txt","HAMILTON/MADISON","Federalist_Paper_41.txt","MADISON",95.0697059207534
"Federalist_Paper_57.txt","HAMILTON/MADISON","Federalist_Paper_19.txt","HAMILTON/MADISON",76.7427462480991
"Federalist_Paper_57.txt","HAMILTON/MADISON","Federalist_Paper_20.txt","HAMILTON/MADISON",77.0084378544554
"Federalist_Paper_57.txt","HAMILTON/MADISON","Federalist_Paper_53.txt","HAMILTON/MADISON",79.8842482075299
"Federalist_Paper_57.txt","HAMILTON/MADISON","Federalist_Paper_63.txt","HAMILTON/MADISON",79.9502355891083
"Federalist_Paper_57.txt","HAMILTON/MADISON","Federalist_Paper_55.txt","HAMILTON/MADISON",81.2582863272219
"Federalist_Paper_58.txt","MADISON","Federalist_Paper_55.txt","HAMILTON/MADISON",91.1108545152686
"Federalist_Paper_58.txt","MADISON","Federalist_Paper_08.txt","HAMILTON",92.7786848673615
"Federalist_Paper_58.txt","MADISON","Federalist_Paper_41.txt","MADISON",95.057593312722
"Federalist_Paper_58.txt","MADISON","Federalist_Paper_10.txt","MADISON",95.1223335014262
"Federalist_Paper_58.txt","MADISON","Federalist_Paper_45.txt","MADISON",95.1527476537292
"Federalist_Paper_59.txt","HAMILTON","Federalist_Paper_81.txt","HAMILTON",95.0002125651874
"Federalist_Paper_59.txt","HAMILTON","Federalist_Paper_30.txt","HAMILTON",102.021272275391
"Federalist_Paper_59.txt","HAMILTON","Federalist_Paper_34.txt","HAMILTON",102.77501825355
"Federalist_Paper_59.txt","HAMILTON","Federalist_Paper_36.txt","HAMILTON",104.057846020343
"Federalist_Paper_59.txt","HAMILTON","Federalist_Paper_41.txt","MADISON",105.371404153433
"Federalist_Paper_60.txt","HAMILTON","Federalist_Paper_26.txt","HAMILTON",85.2103688048276
"Federalist_Paper_60.txt","HAMILTON","Federalist_Paper_16.txt","HAMILTON",86.4815811250812
"Federalist_Paper_60.txt","HAMILTON","Federalist_Paper_25.txt","HAMILTON",88.926631847108
"Federalist_Paper_60.txt","HAMILTON","Federalist_Paper_66.txt","HAMILTON",90.3415098407244
"Federalist_Paper_60.txt","HAMILTON","Federalist_Paper_38.txt","MADISON",91.9195758402789
"Federalist_Paper_61.txt","HAMILTON","Federalist_Paper_25.txt","HAMILTON",92.0109794730495
"Federalist_Paper_61.txt","HAMILTON","Federalist_Paper_81.txt","HAMILTON",92.8541157958851
"Federalist_Paper_61.txt","HAMILTON","Federalist_Paper_29.txt","HAMILTON",93.0893054560029
"Federalist_Paper_61.txt","HAMILTON","Federalist_Paper_63.txt","HAMILTON/MADISON",94.515725375481
"Federalist_Paper_61.txt","HAMILTON","Federalist_Paper_83.txt","HAMILTON",96.117917077886
"Federalist_Paper_62.txt","HAMILTON/MADISON","Federalist_Paper_53.txt","HAMILTON/MADISON",70.671781422998
"Federalist_Paper_62.txt","HAMILTON/MADISON","Federalist_Paper_38.txt","MADISON",76.1986148821543
"Federalist_Paper_62.txt","HAMILTON/MADISON","Federalist_Paper_41.txt","MADISON",77.5425436268113
"Federalist_Paper_62.txt","HAMILTON/MADISON","Federalist_Paper_35.txt","HAMILTON",81.1577831500766
"Federalist_Paper_62.txt","HAMILTON/MADISON","Federalist_Paper_78.txt","HAMILTON",82.6207241018758
"Federalist_Paper_63.txt","HAMILTON/MADISON","Federalist_Paper_38.txt","MADISON",73.4173900174633
"Federalist_Paper_63.txt","HAMILTON/MADISON","Federalist_Paper_25.txt","HAMILTON",79.2505027026702
"Federalist_Paper_63.txt","HAMILTON/MADISON","Federalist_Paper_57.txt","HAMILTON/MADISON",79.9502355891083
"Federalist_Paper_63.txt","HAMILTON/MADISON","Federalist_Paper_41.txt","MADISON",82.6108629327674
"Federalist_Paper_63.txt","HAMILTON/MADISON","Federalist_Paper_53.txt","HAMILTON/MADISON",83.8143556408184
"Federalist_Paper_64.txt","JAY","Federalist_Paper_38.txt","MADISON",82.6721104745226
"Federalist_Paper_64.txt","JAY","Federalist_Paper_25.txt","HAMILTON",85.1559011291112
"Federalist_Paper_64.txt","JAY","Federalist_Paper_04.txt","JAY",86.8975058543086
"Federalist_Paper_64.txt","JAY","Federalist_Paper_03.txt","JAY",87.8125050069652
"Federalist_Paper_64.txt","JAY","Federalist_Paper_11.txt","HAMILTON",89.0803718337264
"Federalist_Paper_65.txt","HAMILTON","Federalist_Paper_66.txt","HAMILTON",89.6810382376092
"Federalist_Paper_65.txt","HAMILTON","Federalist_Paper_76.txt","HAMILTON",93.6068805142392
"Federalist_Paper_65.txt","HAMILTON","Federalist_Paper_70.txt","HAMILTON",94.5497983863248
"Federalist_Paper_65.txt","HAMILTON","Federalist_Paper_72.txt","HAMILTON",94.7121783626155
"Federalist_Paper_65.txt","HAMILTON","Federalist_Paper_68.txt","HAMILTON",95.6868659343653
"Federalist_Paper_66.txt","HAMILTON","Federalist_Paper_73.txt","HAMILTON",74.6397947283091
"Federalist_Paper_66.txt","HAMILTON","Federalist_Paper_81.txt","HAMILTON",82.9517691122064
"Federalist_Paper_66.txt","HAMILTON","Federalist_Paper_84.txt","HAMILTON",82.9536508743991
"Federalist_Paper_66.txt","HAMILTON","Federalist_Paper_38.txt","MADISON",84.9057534211002
"Federalist_Paper_66.txt","HAMILTON","Federalist_Paper_68.txt","HAMILTON",86.3761952662668
"Federalist_Paper_67.txt","HAMILTON","Federalist_Paper_06.txt","HAMILTON",101.250778483851
"Federalist_Paper_67.txt","HAMILTON","Federalist_Paper_80.txt","HAMILTON",104.777608501071
"Federalist_Paper_67.txt","HAMILTON","Federalist_Paper_81.txt","HAMILTON",105.309018264965
"Federalist_Paper_67.txt","HAMILTON","Federalist_Paper_68.txt","HAMILTON",106.850040517613
"Federalist_Paper_67.txt","HAMILTON","Federalist_Paper_19.txt","HAMILTON/MADISON",107.540869284925
"Federalist_Paper_68.txt","HAMILTON","Federalist_Paper_55.txt","HAMILTON/MADISON",85.10065329911
"Federalist_Paper_68.txt","HAMILTON","Federalist_Paper_84.txt","HAMILTON",85.3050054360185
"Federalist_Paper_68.txt","HAMILTON","Federalist_Paper_25.txt","HAMILTON",85.6475542582404
"Federalist_Paper_68.txt","HAMILTON","Federalist_Paper_15.txt","HAMILTON",86.1749021818344
"Federalist_Paper_68.txt","HAMILTON","Federalist_Paper_66.txt","HAMILTON",86.3761952662668
"Federalist_Paper_69.txt","HAMILTON","Federalist_Paper_15.txt","HAMILTON",90.5833674460601
"Federalist_Paper_69.txt","HAMILTON","Federalist_Paper_83.txt","HAMILTON",93.8241595315046
"Federalist_Paper_69.txt","HAMILTON","Federalist_Paper_73.txt","HAMILTON",97.2420205623038
"Federalist_Paper_69.txt","HAMILTON","Federalist_Paper_26.txt","HAMILTON",98.6486899442814
"Federalist_Paper_69.txt","HAMILTON","Federalist_Paper_38.txt","MADISON",99.3343026280615
"Federalist_Paper_70.txt","HAMILTON","Federalist_Paper_83.txt","HAMILTON",73.0996117181758
"Federalist_Paper_70.txt","HAMILTON","Federalist_Paper_08.txt","HAMILTON",73.4730299903696
"Federalist_Paper_70.txt","HAMILTON","Federalist_Paper_22.txt","HAMILTON",75.1067740790609
"Federalist_Paper_70.txt","HAMILTON","Federalist_Paper_85.txt","HAMILTON",76.0560275420132
"Federalist_Paper_70.txt","HAMILTON","Federalist_Paper_38.txt","MADISON",76.2042960775891
"Federalist_Paper_71.txt","HAMILTON","Federalist_Paper_70.txt","HAMILTON",83.087523676656
"Federalist_Paper_71.txt","HAMILTON","Federalist_Paper_78.txt","HAMILTON",84.9408446063625
"Federalist_Paper_71.txt","HAMILTON","Federalist_Paper_72.txt","HAMILTON",87.7289754942218
"Federalist_Paper_71.txt","HAMILTON","Federalist_Paper_25.txt","HAMILTON",90.2107666443052
"Federalist_Paper_71.txt","HAMILTON","Federalist_Paper_22.txt","HAMILTON",92.3829741794958
"Federalist_Paper_72.txt","HAMILTON","Federalist_Paper_35.txt","HAMILTON",71.8906145544043
"Federalist_Paper_72.txt","HAMILTON","Federalist_Paper_25.txt","HAMILTON",73.8707229987587
"Federalist_Paper_72.txt","HAMILTON","Federalist_Paper_11.txt","HAMILTON",77.0284796691027
"Federalist_Paper_72.txt","HAMILTON","Federalist_Paper_22.txt","HAMILTON",77.8580523528537
"Federalist_Paper_72.txt","HAMILTON","Federalist_Paper_70.txt","HAMILTON",77.9690180644748
"Federalist_Paper_73.txt","HAMILTON","Federalist_Paper_66.txt","HAMILTON",74.6397947283091
"Federalist_Paper_73.txt","HAMILTON","Federalist_Paper_38.txt","MADISON",78.5971664474746
"Federalist_Paper_73.txt","HAMILTON","Federalist_Paper_83.txt","HAMILTON",81.9966971534958
"Federalist_Paper_73.txt","HAMILTON","Federalist_Paper_77.txt","HAMILTON",82.0548052829163
"Federalist_Paper_73.txt","HAMILTON","Federalist_Paper_22.txt","HAMILTON",82.7832825618511
"Federalist_Paper_74.txt","HAMILTON","Federalist_Paper_24.txt","HAMILTON",81.4989170144395
"Federalist_Paper_74.txt","HAMILTON","Federalist_Paper_22.txt","HAMILTON",89.0027664860127
"Federalist_Paper_74.txt","HAMILTON","Federalist_Paper_41.txt","MADISON",89.1611490480352
"Federalist_Paper_74.txt","HAMILTON","Federalist_Paper_26.txt","HAMILTON",90.3797059078845
"Federalist_Paper_74.txt","HAMILTON","Federalist_Paper_08.txt","HAMILTON",93.6286188977379
"Federalist_Paper_75.txt","HAMILTON","Federalist_Paper_77.txt","HAMILTON",84.237452598234
"Federalist_Paper_75.txt","HAMILTON","Federalist_Paper_66.txt","HAMILTON",86.5590843687241
"Federalist_Paper_75.txt","HAMILTON","Federalist_Paper_15.txt","HAMILTON",86.5948709374223
"Federalist_Paper_75.txt","HAMILTON","Federalist_Paper_81.txt","HAMILTON",89.7869573557757
"Federalist_Paper_75.txt","HAMILTON","Federalist_Paper_11.txt","HAMILTON",89.8162021634148
"Federalist_Paper_76.txt","HAMILTON","Federalist_Paper_66.txt","HAMILTON",89.545102170894
"Federalist_Paper_76.txt","HAMILTON","Federalist_Paper_73.txt","HAMILTON",90.2469319392998
"Federalist_Paper_76.txt","HAMILTON","Federalist_Paper_26.txt","HAMILTON",90.5328201126736
"Federalist_Paper_76.txt","HAMILTON","Federalist_Paper_22.txt","HAMILTON",93.3557620777787
"Federalist_Paper_76.txt","HAMILTON","Federalist_Paper_65.txt","HAMILTON",93.6068805142392
"Federalist_Paper_77.txt","HAMILTON","Federalist_Paper_73.txt","HAMILTON",82.0548052829163
"Federalist_Paper_77.txt","HAMILTON","Federalist_Paper_75.txt","HAMILTON",84.237452598234
"Federalist_Paper_77.txt","HAMILTON","Federalist_Paper_22.txt","HAMILTON",87.0733318028989
"Federalist_Paper_77.txt","HAMILTON","Federalist_Paper_26.txt","HAMILTON",90.1400118926546
"Federalist_Paper_77.txt","HAMILTON","Federalist_Paper_38.txt","MADISON",90.2251879122217
"Federalist_Paper_78.txt","HAMILTON","Federalist_Paper_83.txt","HAMILTON",72.4643375610559
"Federalist_Paper_78.txt","HAMILTON","Federalist_Paper_38.txt","MADISON",77.0313728091566
"Federalist_Paper_78.txt","HAMILTON","Federalist_Paper_25.txt","HAMILTON",77.6861861134433
"Federalist_Paper_78.txt","HAMILTON","Federalist_Paper_70.txt","HAMILTON",81.7761194957618
"Federalist_Paper_78.txt","HAMILTON","Federalist_Paper_81.txt","HAMILTON",81.9154523082653
"Federalist_Paper_79.txt","HAMILTON","Federalist_Paper_81.txt","HAMILTON",96.0381675395827
"Federalist_Paper_79.txt","HAMILTON","Federalist_Paper_38.txt","MADISON",96.2695607208127
"Federalist_Paper_79.txt","HAMILTON","Federalist_Paper_62.txt","HAMILTON/MADISON",97.5702824204039
"Federalist_Paper_79.txt","HAMILTON","Federalist_Paper_26.txt","HAMILTON",100.55738675038
"Federalist_Paper_79.txt","HAMILTON","Federalist_Paper_84.txt","HAMILTON",103.456905638731
"Federalist_Paper_80.txt","HAMILTON","Federalist_Paper_34.txt","HAMILTON",92.7545993082279
"Federalist_Paper_80.txt","HAMILTON","Federalist_Paper_25.txt","HAMILTON",93.956707269172
"Federalist_Paper_80.txt","HAMILTON","Federalist_Paper_81.txt","HAMILTON",97.1174879960686
"Federalist_Paper_80.txt","HAMILTON","Federalist_Paper_83.txt","HAMILTON",97.3790456827627
"Federalist_Paper_80.txt","HAMILTON","Federalist_Paper_42.txt","MADISON",98.6404260946168
"Federalist_Paper_81.txt","HAMILTON","Federalist_Paper_83.txt","HAMILTON",65.3882889300614
"Federalist_Paper_81.txt","HAMILTON","Federalist_Paper_84.txt","HAMILTON",71.0717503118179
"Federalist_Paper_81.txt","HAMILTON","Federalist_Paper_41.txt","MADISON",72.1606253096254
"Federalist_Paper_81.txt","HAMILTON","Federalist_Paper_22.txt","HAMILTON",74.078389335307
"Federalist_Paper_81.txt","HAMILTON","Federalist_Paper_38.txt","MADISON",74.2999362037018
"Federalist_Paper_82.txt","HAMILTON","Federalist_Paper_81.txt","HAMILTON",99.4381049592718
"Federalist_Paper_82.txt","HAMILTON","Federalist_Paper_25.txt","HAMILTON",99.4896557442214
"Federalist_Paper_82.txt","HAMILTON","Federalist_Paper_22.txt","HAMILTON",102.859835195781
"Federalist_Paper_82.txt","HAMILTON","Federalist_Paper_45.txt","MADISON",103.382015576018
"Federalist_Paper_82.txt","HAMILTON","Federalist_Paper_78.txt","HAMILTON",105.410159857399
"Federalist_Paper_83.txt","HAMILTON","Federalist_Paper_81.txt","HAMILTON",65.3882889300614
"Federalist_Paper_83.txt","HAMILTON","Federalist_Paper_38.txt","MADISON",68.6415759128991
"Federalist_Paper_83.txt","HAMILTON","Federalist_Paper_22.txt","HAMILTON",71.4840505754283
"Federalist_Paper_83.txt","HAMILTON","Federalist_Paper_78.txt","HAMILTON",72.4643375610559
"Federalist_Paper_83.txt","HAMILTON","Federalist_Paper_70.txt","HAMILTON",73.0996117181758
"Federalist_Paper_84.txt","HAMILTON","Federalist_Paper_81.txt","HAMILTON",71.0717503118179
"Federalist_Paper_84.txt","HAMILTON","Federalist_Paper_38.txt","MADISON",73.5088372197595
"Federalist_Paper_84.txt","HAMILTON","Federalist_Paper_22.txt","HAMILTON",76.5882130262892
"Federalist_Paper_84.txt","HAMILTON","Federalist_Paper_83.txt","HAMILTON",79.7501404022424
"Federalist_Paper_84.txt","HAMILTON","Federalist_Paper_15.txt","HAMILTON",81.6719389455042
"Federalist_Paper_85.txt","HAMILTON","Federalist_Paper_15.txt","HAMILTON",72.4785671872753
"Federalist_Paper_85.txt","HAMILTON","Federalist_Paper_22.txt","HAMILTON",72.9867229447354
"Federalist_Paper_85.txt","HAMILTON","Federalist_Paper_34.txt","HAMILTON",74.8112055852322
"Federalist_Paper_85.txt","HAMILTON","Federalist_Paper_70.txt","HAMILTON",76.0560275420132
"Federalist_Paper_85.txt","HAMILTON","Federalist_Paper_83.txt","HAMILTON",76.3920138045445
